Name,Kind,Method,Crc,CSize,USize,Lho
AntiCheatExpert/,dir,Stored,0,0,0,0
AntiCheatExpert/ACE-BASE.sys,file,Deflated,3279854677,1803471,4230360,46
AntiCheatExpert/ACE-Base.dat,file,Stored,2173193843,69380,69380,1803575
AntiCheatExpert/ACE-Base64.dll,file,Deflated,195053406,24078688,61877648,1873013
AntiCheatExpert/ACE-CORE.sys,file,Deflated,2417828119,1721264,3917936,25951761
AntiCheatExpert/ACE-CORE.sys2,file,Deflated,3050688559,1408969,3138232,27673083
AntiCheatExpert/ACE-CORE.sysa,file,Deflated,3462322249,786934,1704168,29082111
AntiCheatExpert/ACE-CORE.sysa2,file,Deflated,45487684,765512,1596640,29869104
AntiCheatExpert/ACE-CSI64.dll,file,Deflated,3138101096,7328475,12413848,30634676
AntiCheatExpert/ACE-Service64.exe,file,Deflated,95446948,1499477,3261328,37963210
AntiCheatExpert/ACE-Setup64.exe,file,Deflated,3831643893,255406,899984,39462750
CefView/,dir,Stored,0,0,0,39718217
CefView/.gitattributes,file,Deflated,2805709777,119,362,39718255
CefView/CefViewWing.exe,file,Deflated,351013804,191790,664552,39718426
CefView/api-ms-win-core-console-l1-1-0.dll,file,Deflated,184997577,6299,12240,39910269
CefView/api-ms-win-core-console-l1-2-0.dll,file,Deflated,1326918177,6317,12256,39916640
CefView/api-ms-win-core-datetime-l1-1-0.dll,file,Deflated,3451471088,6099,11736,39923029
CefView/api-ms-win-core-debug-l1-1-0.dll,file,Deflated,2715449867,6139,11728,39929201
CefView/api-ms-win-core-errorhandling-l1-1-0.dll,file,Deflated,2803396292,6187,11728,39935410
CefView/api-ms-win-core-file-l1-1-0.dll,file,Deflated,496189064,7227,15328,39941675
CefView/api-ms-win-core-file-l1-2-0.dll,file,Deflated,1719105498,6156,11728,39948971
CefView/api-ms-win-core-file-l2-1-0.dll,file,Deflated,3485065221,6263,11744,39955196
CefView/api-ms-win-core-handle-l1-1-0.dll,file,Deflated,2096667178,6135,11736,39961528
CefView/api-ms-win-core-heap-l1-1-0.dll,file,Deflated,2348777257,6308,12256,39967734
CefView/api-ms-win-core-interlocked-l1-1-0.dll,file,Deflated,868584078,6183,11728,39974111
CefView/api-ms-win-core-libraryloader-l1-1-0.dll,file,Deflated,2559616256,6490,12752,39980370
CefView/api-ms-win-core-localization-l1-2-0.dll,file,Deflated,919811330,7025,14800,39986938
CefView/api-ms-win-core-memory-l1-1-0.dll,file,Deflated,2458935826,6330,12240,39994040
CefView/api-ms-win-core-namedpipe-l1-1-0.dll,file,Deflated,3618855087,6255,11728,40000441
CefView/api-ms-win-core-processenvironment-l1-1-0.dll,file,Deflated,386525886,6407,12752,40006770
CefView/api-ms-win-core-processthreads-l1-1-0.dll,file,Deflated,3598772218,6912,14288,40013260
CefView/api-ms-win-core-processthreads-l1-1-1.dll,file,Deflated,4099858909,6356,12240,40020251
CefView/api-ms-win-core-profile-l1-1-0.dll,file,Deflated,2648067230,6120,11728,40026686
CefView/api-ms-win-core-rtlsupport-l1-1-0.dll,file,Deflated,2915947187,6343,12240,40032878
CefView/api-ms-win-core-string-l1-1-0.dll,file,Deflated,2037251255,6202,11728,40039296
CefView/api-ms-win-core-synch-l1-1-0.dll,file,Deflated,3692702837,6733,13776,40045569
CefView/api-ms-win-core-synch-l1-2-0.dll,file,Deflated,1997308920,6394,12240,40052372
CefView/api-ms-win-core-sysinfo-l1-1-0.dll,file,Deflated,3933965489,6433,12768,40058836
CefView/api-ms-win-core-timezone-l1-1-0.dll,file,Deflated,3958276526,6321,12240,40065341
CefView/api-ms-win-core-util-l1-1-0.dll,file,Deflated,3312750210,6139,11728,40071735
CefView/api-ms-win-crt-conio-l1-1-0.dll,file,Deflated,2757533255,6475,12752,40077943
CefView/api-ms-win-crt-convert-l1-1-0.dll,file,Deflated,679661893,7512,15824,40084487
CefView/api-ms-win-crt-environment-l1-1-0.dll,file,Deflated,2886787218,6317,12240,40092070
CefView/api-ms-win-crt-filesystem-l1-1-0.dll,file,Deflated,714861155,6920,13776,40098462
CefView/api-ms-win-crt-heap-l1-1-0.dll,file,Deflated,2917621247,6467,12752,40105456
CefView/api-ms-win-crt-locale-l1-1-0.dll,file,Deflated,3674788284,6423,12240,40111991
CefView/api-ms-win-crt-math-l1-1-0.dll,file,Deflated,3123892031,9364,20944,40118484
CefView/api-ms-win-crt-multibyte-l1-1-0.dll,file,Deflated,3522513232,8510,19920,40127916
CefView/api-ms-win-crt-private-l1-1-0.dll,file,Deflated,528413417,20096,64464,40136499
CefView/api-ms-win-crt-process-l1-1-0.dll,file,Deflated,3870427641,6517,12752,40156666
CefView/api-ms-win-crt-runtime-l1-1-0.dll,file,Deflated,88197869,7705,16336,40163254
CefView/api-ms-win-crt-stdio-l1-1-0.dll,file,Deflated,4223916704,8135,17872,40171030
CefView/api-ms-win-crt-string-l1-1-0.dll,file,Deflated,1692195248,8249,18384,40179234
CefView/api-ms-win-crt-time-l1-1-0.dll,file,Deflated,3545874061,7009,14288,40187553
CefView/api-ms-win-crt-utility-l1-1-0.dll,file,Deflated,1054599219,6462,12240,40194630
CefView/chrome_100_percent.pak,file,Deflated,1995513335,658079,681818,40201163
CefView/chrome_200_percent.pak,file,Deflated,989205480,1027531,1066267,40859302
CefView/chrome_elf.dll,file,Deflated,1433488439,580706,1413608,41886893
CefView/d3dcompiler_47.dll,file,Deflated,775604675,2079809,4916728,42467651
CefView/dxcompiler.dll,file,Deflated,109576720,8495014,22074344,44547516
CefView/dxil.dll,file,Deflated,3175103018,670946,1508360,53042582
CefView/icudtl.dat,file,Deflated,4287163988,4436413,10468208,53713574
CefView/libEGL.dll,file,Deflated,2127348285,217742,493032,58150035
CefView/libGLESv2.dll,file,Deflated,3614480219,3136854,8098792,58367825
CefView/libcef.dll,file,Deflated,331131847,94447303,216636904,61504730
CefView/locales/,dir,Stored,0,0,0,155952081
CefView/locales/af.pak,file,Deflated,2579686565,167286,520293,155952127
CefView/locales/am.pak,file,Deflated,3648175531,199424,838753,156119465
CefView/locales/ar.pak,file,Deflated,195691631,203671,921726,156318941
CefView/locales/bg.pak,file,Deflated,3180570297,203068,958031,156522664
CefView/locales/bn.pak,file,Deflated,2670912792,211363,1230088,156725784
CefView/locales/ca.pak,file,Deflated,3032603102,175179,592359,156937199
CefView/locales/cs.pak,file,Deflated,2911269832,187419,601404,157112430
CefView/locales/da.pak,file,Deflated,198020607,169363,548484,157299901
CefView/locales/de.pak,file,Deflated,4022630049,180033,589599,157469316
CefView/locales/el.pak,file,Deflated,64637362,218205,1048848,157649401
CefView/locales/en-GB.pak,file,Deflated,3574008980,156103,474847,157867658
CefView/locales/en-US.pak,file,Deflated,1649855392,156474,479212,158023816
CefView/locales/es-419.pak,file,Deflated,4162982972,173511,578465,158180345
CefView/locales/es.pak,file,Deflated,3657985201,172811,577016,158353912
CefView/locales/et.pak,file,Deflated,1245173539,171815,526345,158526775
CefView/locales/fa.pak,file,Deflated,304551912,191113,851762,158698642
CefView/locales/fi.pak,file,Deflated,4169370577,171851,534585,158889807
CefView/locales/fil.pak,file,Deflated,3357111645,173943,603616,159061710
CefView/locales/fr.pak,file,Deflated,2786725986,181355,624740,159235706
CefView/locales/gu.pak,file,Deflated,3942944598,211070,1216336,159417113
CefView/locales/he.pak,file,Deflated,2755023359,184950,752030,159628235
CefView/locales/hi.pak,file,Deflated,3946534410,219198,1289775,159813237
CefView/locales/hr.pak,file,Deflated,2426068523,179914,580244,160032487
CefView/locales/hu.pak,file,Deflated,4225418196,189285,625655,160212453
CefView/locales/id.pak,file,Deflated,1616997753,157733,516945,160401790
CefView/locales/it.pak,file,Deflated,600791599,172025,575019,160559575
CefView/locales/ja.pak,file,Deflated,1402614047,176363,698219,160731652
CefView/locales/kn.pak,file,Deflated,301414518,216552,1383328,160908067
CefView/locales/ko.pak,file,Deflated,374128284,165686,587097,161124671
CefView/locales/lt.pak,file,Deflated,2497989170,184542,629763,161290409
CefView/locales/lv.pak,file,Deflated,3462958718,185467,628987,161475003
CefView/locales/ml.pak,file,Deflated,1633941709,224170,1439314,161660522
CefView/locales/mr.pak,file,Deflated,2198439644,206737,1187099,161884744
CefView/locales/ms.pak,file,Deflated,4283510615,160390,541692,162091533
CefView/locales/nb.pak,file,Deflated,2900649139,165151,525144,162251975
CefView/locales/nl.pak,file,Deflated,2576621214,169700,543388,162417178
CefView/locales/pl.pak,file,Deflated,3967121171,188179,605677,162586930
CefView/locales/pt-BR.pak,file,Deflated,1212610634,172432,568356,162775161
CefView/locales/pt-PT.pak,file,Deflated,3488920875,171596,573266,162947648
CefView/locales/ro.pak,file,Deflated,714384550,176939,592258,163119299
CefView/locales/ru.pak,file,Deflated,1114783121,210757,970193,163296290
CefView/locales/sk.pak,file,Deflated,1318603097,190930,610379,163507099
CefView/locales/sl.pak,file,Deflated,2246901923,179861,585426,163698081
CefView/locales/sr.pak,file,Deflated,1584098958,199316,900236,163877994
CefView/locales/sv.pak,file,Deflated,4238792133,165461,528853,164077362
CefView/locales/sw.pak,file,Deflated,1692829635,168987,557132,164242875
CefView/locales/ta.pak,file,Deflated,1948780687,215797,1435219,164411914
CefView/locales/te.pak,file,Deflated,1819759203,216137,1322570,164627763
CefView/locales/th.pak,file,Deflated,584286411,189242,1110885,164843952
CefView/locales/tr.pak,file,Deflated,917680939,172399,568385,165033246
CefView/locales/uk.pak,file,Deflated,2342669717,208380,967359,165205697
CefView/locales/ur.pak,file,Deflated,491577075,192633,845525,165414129
CefView/locales/vi.pak,file,Deflated,3188500369,174877,673071,165606814
CefView/locales/zh-CN.pak,file,Deflated,3049574964,163556,486285,165781743
CefView/locales/zh-TW.pak,file,Deflated,1008187671,161615,483559,165945354
CefView/msvcp140.dll,file,Deflated,1190846760,177556,566704,166107024
CefView/msvcp140_1.dll,file,Deflated,412619198,11780,23944,166284630
CefView/msvcp140_2.dll,file,Deflated,3366474438,80061,186800,166296462
CefView/msvcp140_atomic_wait.dll,file,Deflated,2582062348,22293,57264,166376575
CefView/msvcp140_codecvt_ids.dll,file,Deflated,86708532,11579,21424,166398930
CefView/resources.pak,file,Deflated,2899061351,8614585,8669198,166410571
CefView/snapshot_blob.bin,file,Deflated,91587477,71014,315962,175025207
CefView/v8_context_snapshot.bin,file,Deflated,3537595953,193108,670093,175096276
CefView/vccorlib140.dll,file,Deflated,3426898679,103726,335792,175289445
CefView/vcruntime140.dll,file,Deflated,3871626859,51269,98224,175393224
CefView/vcruntime140_1.dll,file,Deflated,3773220188,19445,37256,175444547
CefView/vk_swiftshader.dll,file,Deflated,3799564425,2014393,5316072,175464048
CefView/vk_swiftshader_icd.json,file,Deflated,1500200265,91,106,177478497
CefView/vulkan-1.dll,file,Deflated,2180513714,368234,972776,177478649
Endfield.exe,file,Deflated,3540417112,554412,823352,177846933
EndfieldBase.dll,file,Deflated,1592875912,9781485,35787664,178401387
Endfield_Data/,dir,Stored,0,0,0,188182918
Endfield_Data/Plugins/,dir,Stored,0,0,0,188182962
Endfield_Data/Plugins/plugInfo.json,file,Stored,2532110665,37,37,188183014
Endfield_Data/Plugins/usd/,dir,Stored,0,0,0,188183116
Endfield_Data/Plugins/usd/ar/,dir,Stored,0,0,0,188183172
Endfield_Data/Plugins/usd/ar/resources/,dir,Stored,0,0,0,188183231
Endfield_Data/Plugins/usd/ar/resources/plugInfo.json,file,Deflated,3032390778,151,386,188183300
Endfield_Data/Plugins/usd/ar/resources/plugInfo.json.meta,file,Deflated,504590628,134,165,188183533
Endfield_Data/Plugins/usd/ar/resources.meta,file,Deflated,3575513059,141,180,188183754
Endfield_Data/Plugins/usd/ar.meta,file,Deflated,1948506448,142,180,188183968
Endfield_Data/Plugins/usd/ndr/,dir,Stored,0,0,0,188184173
Endfield_Data/Plugins/usd/ndr/resources/,dir,Stored,0,0,0,188184233
Endfield_Data/Plugins/usd/ndr/resources/plugInfo.json,file,Deflated,3676357741,200,595,188184303
Endfield_Data/Plugins/usd/ndr/resources/plugInfo.json.meta,file,Deflated,3254968488,133,165,188184586
Endfield_Data/Plugins/usd/ndr/resources.meta,file,Deflated,582133055,144,180,188184807
Endfield_Data/Plugins/usd/ndr.meta,file,Deflated,3640456181,141,180,188185025
Endfield_Data/Plugins/usd/plugInfo.json,file,Deflated,315495391,55,56,188185230
Endfield_Data/Plugins/usd/plugInfo.json.meta,file,Deflated,1271574558,133,165,188185354
Endfield_Data/Plugins/usd/sdf/,dir,Stored,0,0,0,188185561
Endfield_Data/Plugins/usd/sdf/resources/,dir,Stored,0,0,0,188185621
Endfield_Data/Plugins/usd/sdf/resources/plugInfo.json,file,Deflated,2259912278,309,1132,188185691
Endfield_Data/Plugins/usd/sdf/resources/plugInfo.json.meta,file,Deflated,3045454187,134,165,188186083
Endfield_Data/Plugins/usd/sdf/resources.meta,file,Deflated,3485642261,143,180,188186305
Endfield_Data/Plugins/usd/sdf.meta,file,Deflated,964055640,144,180,188186522
Endfield_Data/Plugins/usd/usd/,dir,Stored,0,0,0,188186730
Endfield_Data/Plugins/usd/usd/resources/,dir,Stored,0,0,0,188186790
Endfield_Data/Plugins/usd/usd/resources/generatedSchema.usda,file,Deflated,1429118398,4726,14725,188186860
Endfield_Data/Plugins/usd/usd/resources/generatedSchema.usda.meta,file,Deflated,249211164,131,162,188191676
Endfield_Data/Plugins/usd/usd/resources/plugInfo.json,file,Deflated,1245963862,623,4998,188191902
Endfield_Data/Plugins/usd/usd/resources/plugInfo.json.meta,file,Deflated,110830402,133,165,188192608
Endfield_Data/Plugins/usd/usd/resources/usd/,dir,Stored,0,0,0,188192829
Endfield_Data/Plugins/usd/usd/resources/usd/schema.usda,file,Deflated,2641171436,5296,17605,188192903
Endfield_Data/Plugins/usd/usd/resources/usd/schema.usda.meta,file,Deflated,1332965973,131,162,188198284
Endfield_Data/Plugins/usd/usd/resources/usd.meta,file,Deflated,2067198223,145,180,188198505
Endfield_Data/Plugins/usd/usd/resources.meta,file,Deflated,2663721500,143,180,188198728
Endfield_Data/Plugins/usd/usd.meta,file,Deflated,3267364968,143,180,188198945
Endfield_Data/Plugins/usd/usdAbc/,dir,Stored,0,0,0,188199152
Endfield_Data/Plugins/usd/usdAbc/resources/,dir,Stored,0,0,0,188199215
Endfield_Data/Plugins/usd/usdAbc/resources/plugInfo.json,file,Deflated,298290921,242,782,188199288
Endfield_Data/Plugins/usd/usdAbc/resources/plugInfo.json.meta,file,Deflated,662437591,134,165,188199616
Endfield_Data/Plugins/usd/usdAbc/resources.meta,file,Deflated,3708667230,144,180,188199841
Endfield_Data/Plugins/usd/usdAbc.meta,file,Deflated,878214256,143,180,188200062
Endfield_Data/Plugins/usd/usdGeom/,dir,Stored,0,0,0,188200272
Endfield_Data/Plugins/usd/usdGeom/resources/,dir,Stored,0,0,0,188200336
Endfield_Data/Plugins/usd/usdGeom/resources/generatedSchema.usda,file,Deflated,1541679300,30801,203941,188200410
Endfield_Data/Plugins/usd/usdGeom/resources/generatedSchema.usda.meta,file,Deflated,473088015,131,162,188231305
Endfield_Data/Plugins/usd/usdGeom/resources/plugInfo.json,file,Deflated,4200418861,1158,11978,188231535
Endfield_Data/Plugins/usd/usdGeom/resources/plugInfo.json.meta,file,Deflated,86232139,135,165,188232780
Endfield_Data/Plugins/usd/usdGeom/resources/usdGeom/,dir,Stored,0,0,0,188233007
Endfield_Data/Plugins/usd/usdGeom/resources/usdGeom/schema.usda,file,Deflated,1766026898,29964,109032,188233089
Endfield_Data/Plugins/usd/usdGeom/resources/usdGeom/schema.usda.meta,file,Deflated,815499759,130,162,188263146
Endfield_Data/Plugins/usd/usdGeom/resources/usdGeom.meta,file,Deflated,1654539433,143,180,188263374
Endfield_Data/Plugins/usd/usdGeom/resources.meta,file,Deflated,2400722333,142,180,188263603
Endfield_Data/Plugins/usd/usdGeom.meta,file,Deflated,2412160762,143,180,188263823
Endfield_Data/Plugins/usd/usdHydra/,dir,Stored,0,0,0,188264034
Endfield_Data/Plugins/usd/usdHydra/resources/,dir,Stored,0,0,0,188264099
Endfield_Data/Plugins/usd/usdHydra/resources/plugInfo.json,file,Deflated,1360506119,301,691,188264174
Endfield_Data/Plugins/usd/usdHydra/resources/plugInfo.json.meta,file,Deflated,1778304506,134,165,188264563
Endfield_Data/Plugins/usd/usdHydra/resources/shaders/,dir,Stored,0,0,0,188264790
Endfield_Data/Plugins/usd/usdHydra/resources/shaders/empty.glslfx,file,Deflated,434453255,627,1258,188264873
Endfield_Data/Plugins/usd/usdHydra/resources/shaders/empty.glslfx.meta,file,Deflated,4263337587,129,162,188265595
Endfield_Data/Plugins/usd/usdHydra/resources/shaders/shaderDefs.usda,file,Deflated,462978079,1353,6147,188265824
Endfield_Data/Plugins/usd/usdHydra/resources/shaders/shaderDefs.usda.meta,file,Deflated,2217222903,129,162,188267275
Endfield_Data/Plugins/usd/usdHydra/resources/shaders.meta,file,Deflated,4033068673,143,180,188267507
Endfield_Data/Plugins/usd/usdHydra/resources.meta,file,Deflated,176319137,142,180,188267737
Endfield_Data/Plugins/usd/usdHydra.meta,file,Deflated,1936544022,143,180,188267958
Endfield_Data/Plugins/usd/usdLux/,dir,Stored,0,0,0,188268170
Endfield_Data/Plugins/usd/usdLux/resources/,dir,Stored,0,0,0,188268233
Endfield_Data/Plugins/usd/usdLux/resources/generatedSchema.usda,file,Deflated,2429313045,7230,60850,188268306
Endfield_Data/Plugins/usd/usdLux/resources/generatedSchema.usda.meta,file,Deflated,659226937,129,162,188275629
Endfield_Data/Plugins/usd/usdLux/resources/plugInfo.json,file,Deflated,972002702,457,4886,188275856
Endfield_Data/Plugins/usd/usdLux/resources/plugInfo.json.meta,file,Deflated,4216140828,135,165,188276399
Endfield_Data/Plugins/usd/usdLux/resources/usdLux/,dir,Stored,0,0,0,188276625
Endfield_Data/Plugins/usd/usdLux/resources/usdLux/schema.usda,file,Deflated,413952772,6063,20945,188276705
Endfield_Data/Plugins/usd/usdLux/resources/usdLux/schema.usda.meta,file,Deflated,1604113514,130,162,188282859
Endfield_Data/Plugins/usd/usdLux/resources/usdLux.meta,file,Deflated,1542574156,142,180,188283085
Endfield_Data/Plugins/usd/usdLux/resources.meta,file,Deflated,606396133,142,180,188283311
Endfield_Data/Plugins/usd/usdLux.meta,file,Deflated,1888016184,143,180,188283530
Endfield_Data/Plugins/usd/usdMedia/,dir,Stored,0,0,0,188283740
Endfield_Data/Plugins/usd/usdMedia/resources/,dir,Stored,0,0,0,188283805
Endfield_Data/Plugins/usd/usdMedia/resources/generatedSchema.usda,file,Deflated,3700112103,3713,10807,188283880
Endfield_Data/Plugins/usd/usdMedia/resources/generatedSchema.usda.meta,file,Deflated,4071026590,131,162,188287688
Endfield_Data/Plugins/usd/usdMedia/resources/plugInfo.json,file,Deflated,2218782954,308,826,188287919
Endfield_Data/Plugins/usd/usdMedia/resources/plugInfo.json.meta,file,Deflated,1184388151,133,165,188288315
Endfield_Data/Plugins/usd/usdMedia/resources/usdMedia/,dir,Stored,0,0,0,188288541
Endfield_Data/Plugins/usd/usdMedia/resources/usdMedia/schema.usda,file,Deflated,2836024626,2848,8559,188288625
Endfield_Data/Plugins/usd/usdMedia/resources/usdMedia/schema.usda.meta,file,Deflated,3610803614,130,162,188291568
Endfield_Data/Plugins/usd/usdMedia/resources/usdMedia.meta,file,Deflated,1819246791,141,180,188291798
Endfield_Data/Plugins/usd/usdMedia/resources.meta,file,Deflated,977506044,144,180,188292027
Endfield_Data/Plugins/usd/usdMedia.meta,file,Deflated,190259901,143,180,188292250
Endfield_Data/Plugins/usd/usdRender/,dir,Stored,0,0,0,188292462
Endfield_Data/Plugins/usd/usdRender/resources/,dir,Stored,0,0,0,188292528
Endfield_Data/Plugins/usd/usdRender/resources/generatedSchema.usda,file,Deflated,1417407179,3267,16633,188292604
Endfield_Data/Plugins/usd/usdRender/resources/generatedSchema.usda.meta,file,Deflated,581448688,129,162,188295967
Endfield_Data/Plugins/usd/usdRender/resources/plugInfo.json,file,Deflated,3660379711,428,2377,188296197
Endfield_Data/Plugins/usd/usdRender/resources/plugInfo.json.meta,file,Deflated,4102178925,134,165,188296714
Endfield_Data/Plugins/usd/usdRender/resources/usdRender/,dir,Stored,0,0,0,188296942
Endfield_Data/Plugins/usd/usdRender/resources/usdRender/schema.usda,file,Deflated,2361022383,3382,10372,188297028
Endfield_Data/Plugins/usd/usdRender/resources/usdRender/schema.usda.meta,file,Deflated,3066811509,130,162,188300507
Endfield_Data/Plugins/usd/usdRender/resources/usdRender.meta,file,Deflated,2499395071,143,180,188300739
Endfield_Data/Plugins/usd/usdRender/resources.meta,file,Deflated,3632254834,142,180,188300972
Endfield_Data/Plugins/usd/usdRender.meta,file,Deflated,3729513865,142,180,188301194
Endfield_Data/Plugins/usd/usdRi/,dir,Stored,0,0,0,188301406
Endfield_Data/Plugins/usd/usdRi/resources/,dir,Stored,0,0,0,188301468
Endfield_Data/Plugins/usd/usdRi/resources/generatedSchema.usda,file,Deflated,722505456,9008,62262,188301540
Endfield_Data/Plugins/usd/usdRi/resources/generatedSchema.usda.meta,file,Deflated,648554965,132,162,188310640
Endfield_Data/Plugins/usd/usdRi/resources/plugInfo.json,file,Deflated,1415039512,609,7593,188310869
Endfield_Data/Plugins/usd/usdRi/resources/plugInfo.json.meta,file,Deflated,1654896556,135,165,188311563
Endfield_Data/Plugins/usd/usdRi/resources/usdRi/,dir,Stored,0,0,0,188311788
Endfield_Data/Plugins/usd/usdRi/resources/usdRi/schema.usda,file,Deflated,3868349975,7222,35488,188311866
Endfield_Data/Plugins/usd/usdRi/resources/usdRi/schema.usda.meta,file,Deflated,3481711699,130,162,188319177
Endfield_Data/Plugins/usd/usdRi/resources/usdRi.meta,file,Deflated,4034553592,143,180,188319401
Endfield_Data/Plugins/usd/usdRi/resources.meta,file,Deflated,2697008907,143,180,188319626
Endfield_Data/Plugins/usd/usdRi.meta,file,Deflated,4217454423,144,180,188319845
Endfield_Data/Plugins/usd/usdShade/,dir,Stored,0,0,0,188320055
Endfield_Data/Plugins/usd/usdShade/resources/,dir,Stored,0,0,0,188320120
Endfield_Data/Plugins/usd/usdShade/resources/generatedSchema.usda,file,Deflated,1331127238,5063,14744,188320195
Endfield_Data/Plugins/usd/usdShade/resources/generatedSchema.usda.meta,file,Deflated,1239891663,129,162,188325353
Endfield_Data/Plugins/usd/usdShade/resources/plugInfo.json,file,Deflated,1364628814,872,5044,188325582
Endfield_Data/Plugins/usd/usdShade/resources/plugInfo.json.meta,file,Deflated,1115320540,134,165,188326542
Endfield_Data/Plugins/usd/usdShade/resources/usdShade/,dir,Stored,0,0,0,188326769
Endfield_Data/Plugins/usd/usdShade/resources/usdShade/schema.usda,file,Deflated,3652246525,6688,25196,188326853
Endfield_Data/Plugins/usd/usdShade/resources/usdShade/schema.usda.meta,file,Deflated,1838000120,131,162,188333636
Endfield_Data/Plugins/usd/usdShade/resources/usdShade.meta,file,Deflated,2178527380,144,180,188333867
Endfield_Data/Plugins/usd/usdShade/resources.meta,file,Deflated,3385026865,144,180,188334099
Endfield_Data/Plugins/usd/usdShade.meta,file,Deflated,3238556100,143,180,188334322
Endfield_Data/Plugins/usd/usdSkel/,dir,Stored,0,0,0,188334534
Endfield_Data/Plugins/usd/usdSkel/resources/,dir,Stored,0,0,0,188334598
Endfield_Data/Plugins/usd/usdSkel/resources/generatedSchema.usda,file,Deflated,1828257545,3803,16777,188334672
Endfield_Data/Plugins/usd/usdSkel/resources/generatedSchema.usda.meta,file,Deflated,3831563866,130,162,188338569
Endfield_Data/Plugins/usd/usdSkel/resources/plugInfo.json,file,Deflated,1132169224,550,3162,188338798
Endfield_Data/Plugins/usd/usdSkel/resources/plugInfo.json.meta,file,Deflated,1977922120,133,165,188339435
Endfield_Data/Plugins/usd/usdSkel/resources/usdSkel/,dir,Stored,0,0,0,188339660
Endfield_Data/Plugins/usd/usdSkel/resources/usdSkel/schema.usda,file,Deflated,3149167851,2830,10551,188339742
Endfield_Data/Plugins/usd/usdSkel/resources/usdSkel/schema.usda.meta,file,Deflated,64167844,130,162,188342665
Endfield_Data/Plugins/usd/usdSkel/resources/usdSkel.meta,file,Deflated,4170040397,143,180,188342893
Endfield_Data/Plugins/usd/usdSkel/resources.meta,file,Deflated,3122311701,143,180,188343122
Endfield_Data/Plugins/usd/usdSkel.meta,file,Deflated,1581048055,144,180,188343343
Endfield_Data/Plugins/usd/usdUI/,dir,Stored,0,0,0,188343555
Endfield_Data/Plugins/usd/usdUI/resources/,dir,Stored,0,0,0,188343617
Endfield_Data/Plugins/usd/usdUI/resources/generatedSchema.usda,file,Deflated,2889840361,1743,4771,188343689
Endfield_Data/Plugins/usd/usdUI/resources/generatedSchema.usda.meta,file,Deflated,4246517282,131,162,188345524
Endfield_Data/Plugins/usd/usdUI/resources/plugInfo.json,file,Deflated,3493953246,345,1532,188345752
Endfield_Data/Plugins/usd/usdUI/resources/plugInfo.json.meta,file,Deflated,2462093172,134,165,188346182
Endfield_Data/Plugins/usd/usdUI/resources/usdUI/,dir,Stored,0,0,0,188346406
Endfield_Data/Plugins/usd/usdUI/resources/usdUI/schema.usda,file,Deflated,3945711916,1889,5657,188346484
Endfield_Data/Plugins/usd/usdUI/resources/usdUI/schema.usda.meta,file,Deflated,2829642765,129,162,188348462
Endfield_Data/Plugins/usd/usdUI/resources/usdUI.meta,file,Deflated,1450926352,144,180,188348685
Endfield_Data/Plugins/usd/usdUI/resources.meta,file,Deflated,3473403563,144,180,188348911
Endfield_Data/Plugins/usd/usdUI.meta,file,Deflated,631146799,143,180,188349131
Endfield_Data/Plugins/usd/usdVol/,dir,Stored,0,0,0,188349340
Endfield_Data/Plugins/usd/usdVol/resources/,dir,Stored,0,0,0,188349403
Endfield_Data/Plugins/usd/usdVol/resources/generatedSchema.usda,file,Deflated,152540306,3508,24739,188349476
Endfield_Data/Plugins/usd/usdVol/resources/generatedSchema.usda.meta,file,Deflated,2882171913,130,162,188353077
Endfield_Data/Plugins/usd/usdVol/resources/plugInfo.json,file,Deflated,1332332822,374,1972,188353305
Endfield_Data/Plugins/usd/usdVol/resources/plugInfo.json.meta,file,Deflated,3509621987,132,165,188353765
Endfield_Data/Plugins/usd/usdVol/resources/usdVol/,dir,Stored,0,0,0,188353988
Endfield_Data/Plugins/usd/usdVol/resources/usdVol/schema.usda,file,Deflated,2439916372,1348,4132,188354068
Endfield_Data/Plugins/usd/usdVol/resources/usdVol/schema.usda.meta,file,Deflated,3569106769,130,162,188355507
Endfield_Data/Plugins/usd/usdVol/resources/usdVol.meta,file,Deflated,3149030678,143,180,188355733
Endfield_Data/Plugins/usd/usdVol/resources.meta,file,Deflated,3029295373,142,180,188355960
Endfield_Data/Plugins/usd/usdVol.meta,file,Deflated,4082838057,142,180,188356179
Endfield_Data/Plugins/x86_64/,dir,Stored,0,0,0,188356388
Endfield_Data/Plugins/x86_64/AkSoundEngine.dll,file,Deflated,1154961795,1773796,3586536,188356447
Endfield_Data/Plugins/x86_64/Alembic.dll,file,Deflated,3904239468,551769,1702376,190130319
Endfield_Data/Plugins/x86_64/CrashSight64.dll,file,Deflated,2240060965,2384235,5638120,190682158
Endfield_Data/Plugins/x86_64/Half.dll,file,Deflated,2463358886,82483,297448,193066468
Endfield_Data/Plugins/x86_64/Iex-2_2.dll,file,Deflated,2072031060,29722,97256,193149018
Endfield_Data/Plugins/x86_64/IexMath-2_2.dll,file,Deflated,2881717213,16148,38376,193178810
Endfield_Data/Plugins/x86_64/IlmImf-2_2.dll,file,Deflated,1602542039,762670,2849256,193195032
Endfield_Data/Plugins/x86_64/IlmThread-2_2.dll,file,Deflated,1589554340,25356,60904,193957775
Endfield_Data/Plugins/x86_64/Imath-2_2.dll,file,Deflated,3338462620,36239,99816,193983207
Endfield_Data/Plugins/x86_64/NamedPipeClient.dll,file,Deflated,3810998488,762907,1733096,194019518
Endfield_Data/Plugins/x86_64/Rewired_DirectInput.dll,file,Deflated,1011708470,62444,127976,194782503
Endfield_Data/Plugins/x86_64/Rewired_WindowsGamingInput.dll,file,Deflated,3434095357,78486,174056,194845029
Endfield_Data/Plugins/x86_64/TQM64/,dir,Stored,0,0,0,194923604
Endfield_Data/Plugins/x86_64/TQM64/dump/,dir,Stored,0,0,0,194923669
Endfield_Data/Plugins/x86_64/TQM64/dump/space.txt,file,Stored,0,0,0,194923739
Endfield_Data/Plugins/x86_64/UnityFileSystemApi.dll,file,Deflated,1099367549,1593813,6553064,194923818
Endfield_Data/Plugins/x86_64/UsdCs.dll,file,Deflated,1614922385,1238246,6283752,196517712
Endfield_Data/Plugins/x86_64/cri_mana_vpx.dll,file,Deflated,4087662827,761702,2223080,197756026
Endfield_Data/Plugins/x86_64/cri_ware_unity.dll,file,Deflated,2963698537,835718,1751016,198517803
Endfield_Data/Plugins/x86_64/libScePad.dll,file,Deflated,3723444902,130507,262632,199353598
Endfield_Data/Plugins/x86_64/lib_burst_generated.dll,file,Deflated,1286535051,1721436,4157928,199484177
Endfield_Data/Plugins/x86_64/libvhacd.dll,file,Deflated,345130839,214513,463848,201205695
Endfield_Data/Plugins/x86_64/tbb.dll,file,Deflated,3433558965,102226,261392,201420279
Endfield_Data/Plugins/x86_64/usd_ms.dll,file,Deflated,2392077896,4361131,14337512,201522571
Endfield_Data/Resources/,dir,Stored,0,0,0,205883771
Endfield_Data/Resources/unity default resources,file,Deflated,2034996424,415848,4483356,205883825
Endfield_Data/Resources/unity_builtin_extra,file,Deflated,1549014201,3222316,4850200,206299750
Endfield_Data/RuntimeInitializeOnLoads.json,file,Deflated,532211281,1960,13960,209522139
Endfield_Data/ScriptingAssemblies.json,file,Deflated,83495519,1828,7131,209524172
Endfield_Data/StreamingAssets/,dir,Stored,0,0,0,209526068
Endfield_Data/StreamingAssets/VFS/,dir,Stored,0,0,0,209526128
Endfield_Data/StreamingAssets/VFS/07A1BB91/,dir,Stored,0,0,0,209526192
Endfield_Data/StreamingAssets/VFS/07A1BB91/07A1BB91.blc,file,Stored,2404458966,387,387,209526265
Endfield_Data/StreamingAssets/VFS/07A1BB91/872C74CD14DB0F9D81789B343A26C123.chk,file,Stored,1099681143,11508280,11508280,209526737
Endfield_Data/StreamingAssets/VFS/07A1BB91/BE8DEED5242CD9FACF67FA8745BF2A09.chk,file,Stored,3959397763,97578,97578,221035126
Endfield_Data/StreamingAssets/VFS/0CE8FA57/,dir,Stored,0,0,0,221132813
Endfield_Data/StreamingAssets/VFS/0CE8FA57/0CE8FA57.blc,file,Stored,2730720037,126360,126360,221132886
Endfield_Data/StreamingAssets/VFS/0CE8FA57/4B06191A404B86321CF14A4332DC1694.chk,file,Deflated,1549048012,190541623,222236548,221259331
Endfield_Data/StreamingAssets/VFS/19E3AE45/,dir,Stored,0,0,0,411801063
Endfield_Data/StreamingAssets/VFS/19E3AE45/19E3AE45.blc,file,Stored,3632650224,177993,177993,411801136
Endfield_Data/StreamingAssets/VFS/19E3AE45/AD02055BC154050A148C9D6E5DE101EA.chk,file,Stored,846803128,21553282,21553282,411979214
Endfield_Data/StreamingAssets/VFS/1CDDBF1F/,dir,Stored,0,0,0,433532605
Endfield_Data/StreamingAssets/VFS/1CDDBF1F/1CDDBF1F.blc,file,Stored,2005773356,232,232,433532678
Endfield_Data/StreamingAssets/VFS/1CDDBF1F/9A82F4FD7745819C56C8B412CD964438.chk,file,Stored,3877275666,50002822,50002822,433532995
Endfield_Data/StreamingAssets/VFS/23D53F5D/,dir,Stored,0,0,0,483535926
Endfield_Data/StreamingAssets/VFS/23D53F5D/03590E878963E6DF2203538C3E20DA61.chk,file,Deflated,1426442916,906541,1611242,483535999
Endfield_Data/StreamingAssets/VFS/23D53F5D/0380A0A72FEF5E98E30EAE2255977081.chk,file,Deflated,23749170,60661,254444,484442649
Endfield_Data/StreamingAssets/VFS/23D53F5D/03BE7B88AE0FA75E0DEF62E7FCD6F477.chk,file,Deflated,1010019008,1448859,2381065,484503419
Endfield_Data/StreamingAssets/VFS/23D53F5D/15529EACE7528F212339C5D0B7E948BB.chk,file,Deflated,2516730262,141641,235167,485952387
Endfield_Data/StreamingAssets/VFS/23D53F5D/22EB78DFC41EEF3054D993733F259032.chk,file,Deflated,2610937390,593822,837565,486094137
Endfield_Data/StreamingAssets/VFS/23D53F5D/23D53F5D.blc,file,Stored,3471037821,311347,311347,486688068
Endfield_Data/StreamingAssets/VFS/23D53F5D/26F6FCD6D9102501EED42CF251D3512A.chk,file,Deflated,4095743972,358,1500,486999500
Endfield_Data/StreamingAssets/VFS/23D53F5D/28AD7D5FBA944EEA193F3985838468F7.chk,file,Deflated,540300327,4984,21288,486999967
Endfield_Data/StreamingAssets/VFS/23D53F5D/37E8C60609CE172FC28E07F5D87BA88C.chk,file,Deflated,2594565766,37,80,487005060
Endfield_Data/StreamingAssets/VFS/23D53F5D/43AEB468670F0EFC4173FFC01EC1E48F.chk,file,Deflated,4180186628,620147,2950732,487005206
Endfield_Data/StreamingAssets/VFS/23D53F5D/47E79AC4F70DF0983630466BEAB1249B.chk,file,Deflated,1459437636,15886,84848,487625462
Endfield_Data/StreamingAssets/VFS/23D53F5D/58B5631F443B90E169CBE03C306E712D.chk,file,Deflated,3117359774,2695929,4054708,487641457
Endfield_Data/StreamingAssets/VFS/23D53F5D/6FC2A860451EB8370DD76AD11BE75809.chk,file,Deflated,1280836745,684307,3104604,490337495
Endfield_Data/StreamingAssets/VFS/23D53F5D/7831B0EA94CA9BF5178CF1B6EDFF7C47.chk,file,Deflated,3223864482,44,960,491021911
Endfield_Data/StreamingAssets/VFS/23D53F5D/7AE30E2802D208ED6986E52D03D4F408.chk,file,Deflated,788690051,12891,61544,491022064
Endfield_Data/StreamingAssets/VFS/23D53F5D/85D3BE0CAD23875CD10E26F41546B901.chk,file,Deflated,2594565766,37,80,491035064
Endfield_Data/StreamingAssets/VFS/23D53F5D/8E71A46F87049A97131D4C0D0E427EF0.chk,file,Deflated,3514258430,17100,69448,491035210
Endfield_Data/StreamingAssets/VFS/23D53F5D/910D0EF3A5FA98220BE96D6F8E2F208C.chk,file,Deflated,1585020203,26959,101264,491052419
Endfield_Data/StreamingAssets/VFS/23D53F5D/9660B8932B0C7644CF18E9D26B4697F9.chk,file,Deflated,2164079341,28552,122008,491079487
Endfield_Data/StreamingAssets/VFS/23D53F5D/A406CCD3CE54DE3055D9C1F5A15F01E0.chk,file,Deflated,331659686,15013,62792,491108148
Endfield_Data/StreamingAssets/VFS/23D53F5D/A557940E5BE48FE54507370E4CE451E3.chk,file,Deflated,2825607884,33,40,491123270
Endfield_Data/StreamingAssets/VFS/23D53F5D/A56CC0944C75EF03C89EE7D147DBB82A.chk,file,Deflated,3399820310,32590,123336,491123412
Endfield_Data/StreamingAssets/VFS/23D53F5D/BAA9278A177BA55BFA2DDA9D73CFF887.chk,file,Deflated,1113644710,33712,132612,491156111
Endfield_Data/StreamingAssets/VFS/23D53F5D/BB11323A606E14456E90EB9F0550ACC2.chk,file,Deflated,2594565766,37,80,491189932
Endfield_Data/StreamingAssets/VFS/23D53F5D/C0E6D1E7F58DC4C003002B775F2631D9.chk,file,Deflated,2303099089,18283914,26175711,491190078
Endfield_Data/StreamingAssets/VFS/23D53F5D/C38B6B87B2CC90D04F56FA7A1799945B.chk,file,Deflated,2663305302,92391,411640,509474101
Endfield_Data/StreamingAssets/VFS/23D53F5D/C81609E1D919399363313B5C5C607E2F.chk,file,Deflated,2825607884,33,40,509566601
Endfield_Data/StreamingAssets/VFS/23D53F5D/CFE73D9B97FF3A81858149CFFFDAEDA3.chk,file,Deflated,230987086,167099,856592,509566743
Endfield_Data/StreamingAssets/VFS/23D53F5D/E081CD8D523FBF6054C8EA1A91F9F342.chk,file,Deflated,2594565766,37,80,509733951
Endfield_Data/StreamingAssets/VFS/23D53F5D/EB1725AB7C4EDB1920A1BD2476372A7B.chk,file,Deflated,3882346184,316371,458983,509734097
Endfield_Data/StreamingAssets/VFS/23D53F5D/EE118A3CAD63D94BDA119C4715ECB0AD.chk,file,Deflated,538193156,152605,211890,510050577
Endfield_Data/StreamingAssets/VFS/23D53F5D/F07278C1CF42B907684D3BBB7E8A1D9B.chk,file,Deflated,3789029398,66852,237933,510203291
Endfield_Data/StreamingAssets/VFS/23D53F5D/F7B27B2F5DF244BDE013FBB198F049D3.chk,file,Deflated,1076403197,9278175,12724396,510270252
Endfield_Data/StreamingAssets/VFS/23D53F5D/F8CC034799C778C45DCD3B3B591627EE.chk,file,Deflated,3632927937,161137,776716,519548536
Endfield_Data/StreamingAssets/VFS/23D53F5D/FBE474E76643D57CEA0D74B7D28141C6.chk,file,Deflated,3276715845,75341,110200,519709782
Endfield_Data/StreamingAssets/VFS/24ED34CF/,dir,Stored,0,0,0,519785232
Endfield_Data/StreamingAssets/VFS/24ED34CF/013C039FEBBC25CF16E03A4A7244EFA3.chk,file,Stored,1458906431,1610198867,1610198867,519785305
Endfield_Data/StreamingAssets/VFS/24ED34CF/068FF041BF17C50565611795C19B7635.chk,file,Deflated,1945671324,1674177,1678586,2129984281
Endfield_Data/StreamingAssets/VFS/24ED34CF/0CD1E1E222BA9AD367D4F7966AF91E27.chk,file,Stored,534101867,147733834,147733834,2131658567
Endfield_Data/StreamingAssets/VFS/24ED34CF/24ED34CF.blc,file,Stored,430598056,1022,1022,2279392510
Endfield_Data/StreamingAssets/VFS/24ED34CF/51BDC7E2DE98FD46B96F1937F19A86A4.chk,file,Stored,1421094086,1610306268,1610306268,2279393617
Endfield_Data/StreamingAssets/VFS/24ED34CF/D64BDE22BE48A897B943D235FCECD919.chk,file,Deflated,3526151781,29680583,29750800,3889699994
Endfield_Data/StreamingAssets/VFS/24ED34CF/E77C41225AA901F3D17741ECE0672F30.chk,file,Stored,3931593180,1371981559,1371981559,3919380686
Endfield_Data/StreamingAssets/VFS/3C9D9D2D/,dir,Stored,0,0,0,5291362354
Endfield_Data/StreamingAssets/VFS/3C9D9D2D/3C9D9D2D.blc,file,Stored,3196848102,237,237,5291362427
Endfield_Data/StreamingAssets/VFS/3C9D9D2D/6A756FF71BE7AB61F109E66BA2AA4DF0.chk,file,Deflated,3427245107,79225,452752,5291362749
Endfield_Data/StreamingAssets/VFS/42A8FCA6/,dir,Stored,0,0,0,5291442083
Endfield_Data/StreamingAssets/VFS/42A8FCA6/00A86E2BCBC452BCF15E403190538C6A.chk,file,Stored,1412853251,5612,5612,5291442156
Endfield_Data/StreamingAssets/VFS/42A8FCA6/0B8C43F8DE219AF21EEB166B16E92869.chk,file,Stored,867278828,297,297,5291447877
Endfield_Data/StreamingAssets/VFS/42A8FCA6/0C4CE507336B9055030F2B4BE84E17A3.chk,file,Stored,2419596289,61076,61076,5291448283
Endfield_Data/StreamingAssets/VFS/42A8FCA6/0FC57A674C684A841CD09B264B315230.chk,file,Stored,2118910548,11736368,11736368,5291509468
Endfield_Data/StreamingAssets/VFS/42A8FCA6/123F971BA9AB4AAF1F6390F16340503F.chk,file,Stored,1876830824,9378348,9378348,5303245945
Endfield_Data/StreamingAssets/VFS/42A8FCA6/12BE99ECF5BC7BB5D6BE2FBF6265F18E.chk,file,Stored,2991254135,7896,7896,5312624402
Endfield_Data/StreamingAssets/VFS/42A8FCA6/174F5F7AC5E584CBFE5F983371F5F1B9.chk,file,Stored,3369583586,11668516,11668516,5312632407
Endfield_Data/StreamingAssets/VFS/42A8FCA6/1E52E524C732DFD86B3220E63B66C189.chk,file,Stored,3939558147,640845,640845,5324301032
Endfield_Data/StreamingAssets/VFS/42A8FCA6/23EB2253208175889BB3A1FD6D4C089A.chk,file,Stored,3400906985,596,596,5324941986
Endfield_Data/StreamingAssets/VFS/42A8FCA6/2574A6247DBEEB3CA71AC0F9FC87EBD3.chk,file,Stored,3397307641,70244,70244,5324942691
Endfield_Data/StreamingAssets/VFS/42A8FCA6/26D0C37AB1B7F03BB6CFFB787AB03807.chk,file,Stored,152779006,24078532,24078532,5325013044
Endfield_Data/StreamingAssets/VFS/42A8FCA6/26F0DEB156C8388B7BD3CF90175C2F44.chk,file,Stored,4178932866,884,884,5349091685
Endfield_Data/StreamingAssets/VFS/42A8FCA6/2EB5FCA19494C395B3900B48792F6A52.chk,file,Stored,1057509942,275673,275673,5349092678
Endfield_Data/StreamingAssets/VFS/42A8FCA6/30927D947FFCB4AFD2B168B1A851A6BD.chk,file,Stored,3507076626,10207756,10207756,5349368460
Endfield_Data/StreamingAssets/VFS/42A8FCA6/32CF2AABC30213F862678B195A85EAD6.chk,file,Stored,122069659,14864932,14864932,5359576325
Endfield_Data/StreamingAssets/VFS/42A8FCA6/361B9B2D028554611C015216269DA98B.chk,file,Stored,1856316469,15804,15804,5374441366
Endfield_Data/StreamingAssets/VFS/42A8FCA6/3A9F64E7C47D40678472B5E92983698E.chk,file,Stored,3855350839,11573412,11573412,5374457279
Endfield_Data/StreamingAssets/VFS/42A8FCA6/3CFFA14F35D3166257D2C0A2536FBD45.chk,file,Stored,232131330,9380,9380,5386030800
Endfield_Data/StreamingAssets/VFS/42A8FCA6/40E7D074296617C41EAF14D9EF00EE9F.chk,file,Stored,279679110,880,880,5386040289
Endfield_Data/StreamingAssets/VFS/42A8FCA6/42A8FCA6.blc,file,Stored,3584868393,85471,85471,5386041278
Endfield_Data/StreamingAssets/VFS/42A8FCA6/4778B5B7AF1A59B2B7D5F1A6D41ECD5D.chk,file,Stored,604505648,32948,32948,5386126834
Endfield_Data/StreamingAssets/VFS/42A8FCA6/47DF0E0641DDBD835C246204E5E9DDDC.chk,file,Stored,172343759,9268964,9268964,5386159891
Endfield_Data/StreamingAssets/VFS/42A8FCA6/4E6C4F24911DDA13668A89F81F480FE2.chk,file,Stored,3724925985,1558644,1558644,5395428964
Endfield_Data/StreamingAssets/VFS/42A8FCA6/6103892DAA697D0AB046A57E9AA7F091.chk,file,Stored,3805847525,11123780,11123780,5396987717
Endfield_Data/StreamingAssets/VFS/42A8FCA6/66F7A4732FAA42CC340F920E82016302.chk,file,Stored,2453574315,2424,2424,5408111606
Endfield_Data/StreamingAssets/VFS/42A8FCA6/67113818420B1E5BF1C6CA99CD7767C3.chk,file,Stored,2220375829,23672,23672,5408114139
Endfield_Data/StreamingAssets/VFS/42A8FCA6/7455D4B7E366F584EEF82371B50A8AAF.chk,file,Stored,2573910728,26828,26828,5408137920
Endfield_Data/StreamingAssets/VFS/42A8FCA6/74C21355652A8553383C44C8ED19BA57.chk,file,Stored,3645003930,13684,13684,5408164857
Endfield_Data/StreamingAssets/VFS/42A8FCA6/768F8FC15FAC1D74D5066635A8ECEEA0.chk,file,Stored,1367953065,22629,22629,5408178650
Endfield_Data/StreamingAssets/VFS/42A8FCA6/76A4846E416ED043A8D670F60A17DBD8.chk,file,Stored,209572969,121372,121372,5408201388
Endfield_Data/StreamingAssets/VFS/42A8FCA6/78DE02C1F3C42397334050161EB638B8.chk,file,Stored,2845277397,2212960,2212960,5408322869
Endfield_Data/StreamingAssets/VFS/42A8FCA6/7DC59968389B7B78441F1F6D1B70D490.chk,file,Stored,230360399,4064,4064,5410535938
Endfield_Data/StreamingAssets/VFS/42A8FCA6/7F3AA127F056AC4839B6DA96BB5A6A81.chk,file,Stored,781067825,4049,4049,5410540111
Endfield_Data/StreamingAssets/VFS/42A8FCA6/814D6D8F70FBC0FCCA778E5F6E578934.chk,file,Stored,1217748005,30416,30416,5410544269
Endfield_Data/StreamingAssets/VFS/42A8FCA6/834A2F1E30021965128EDFFF66852FC0.chk,file,Stored,959884193,11476340,11476340,5410574794
Endfield_Data/StreamingAssets/VFS/42A8FCA6/87FD369543313DBCF75B81A66B92A650.chk,file,Stored,732219812,1365128,1365128,5422051243
Endfield_Data/StreamingAssets/VFS/42A8FCA6/8920FE7B6F964225A4B207FC2C139D29.chk,file,Stored,2503593416,484,484,5423416480
Endfield_Data/StreamingAssets/VFS/42A8FCA6/8BBA3D9B7E6D253AB103B6C5947FB537.chk,file,Stored,639639029,10669700,10669700,5423417073
Endfield_Data/StreamingAssets/VFS/42A8FCA6/A6A0DE71A82F75B4440E59BE59D4B9E9.chk,file,Stored,3476176384,1792,1792,5434086882
Endfield_Data/StreamingAssets/VFS/42A8FCA6/A7D492A6947321BF9EE65D43745F105E.chk,file,Stored,2550448865,2612,2612,5434088783
Endfield_Data/StreamingAssets/VFS/42A8FCA6/A9F191C9ABC63AE215CD4F904A874813.chk,file,Stored,2539928520,988,988,5434091504
Endfield_Data/StreamingAssets/VFS/42A8FCA6/B0240CBA3A52AB9D128E126F790BEA1F.chk,file,Stored,4255611539,12667532,12667532,5434092601
Endfield_Data/StreamingAssets/VFS/42A8FCA6/B363825F9111466A0F3AD4BE421B7BB2.chk,file,Stored,595949541,2760,2760,5446760242
Endfield_Data/StreamingAssets/VFS/42A8FCA6/B4AF38F0016A496D16D2651E209CCDEC.chk,file,Stored,632695238,20412,20412,5446763111
Endfield_Data/StreamingAssets/VFS/42A8FCA6/B93A2F5F07E8B037127DC5137064B842.chk,file,Stored,5608044,936,936,5446783632
Endfield_Data/StreamingAssets/VFS/42A8FCA6/BCA5D2186D9C3482E7CFDE0E8ADF91A2.chk,file,Stored,581682928,784,784,5446784677
Endfield_Data/StreamingAssets/VFS/42A8FCA6/C0BDDC0A61E434E1394C8A2D13632241.chk,file,Stored,1985189923,5423104,5423104,5446785570
Endfield_Data/StreamingAssets/VFS/42A8FCA6/CC7B37158DA1B714386C48C0DBFF2349.chk,file,Stored,1028081964,12528,12528,5452208783
Endfield_Data/StreamingAssets/VFS/42A8FCA6/CCA32F2A583C2FEA0CCE7298962D55E2.chk,file,Stored,4291599979,428511,428511,5452221420
Endfield_Data/StreamingAssets/VFS/42A8FCA6/D0934E06ACCDA23FEE4F2244E2615A69.chk,file,Stored,2433042084,11207940,11207940,5452650040
Endfield_Data/StreamingAssets/VFS/42A8FCA6/D3DBEAC0D7B53F0A218D309F98BDC6E9.chk,file,Stored,3898777186,86708,86708,5463858089
Endfield_Data/StreamingAssets/VFS/42A8FCA6/D5CE9268B824D172F8BF5DF63459A570.chk,file,Stored,3941220550,210364,210364,5463944906
Endfield_Data/StreamingAssets/VFS/42A8FCA6/DD301BD875007095D44C9ECF8A8890B2.chk,file,Stored,2712994296,11593468,11593468,5464155379
Endfield_Data/StreamingAssets/VFS/42A8FCA6/E5CF5728FDDED46F4CA8E64ADBE9446B.chk,file,Stored,2019479672,4992,4992,5475748956
Endfield_Data/StreamingAssets/VFS/42A8FCA6/E8B62368EBC2F38F27532278E6FE93CB.chk,file,Stored,19068536,1092,1092,5475754057
Endfield_Data/StreamingAssets/VFS/42A8FCA6/EF25067D0199EE7DFB6D47DA2B9DAEAF.chk,file,Stored,1633916745,2380,2380,5475755258
Endfield_Data/StreamingAssets/VFS/42A8FCA6/F10C53E813D131173752DE85EC9A8622.chk,file,Stored,3396067578,895525,895525,5475757747
Endfield_Data/StreamingAssets/VFS/42A8FCA6/F413652DFD7F8D2EE99E7C0C7D0AAF0D.chk,file,Stored,2683206895,368248,368248,5476653381
Endfield_Data/StreamingAssets/VFS/42A8FCA6/F82E2957610442EF1249F837D33D2980.chk,file,Stored,1638545529,2258452,2258452,5477021738
Endfield_Data/StreamingAssets/VFS/42A8FCA6/FD2261417F2C4B728F89B8A30505440C.chk,file,Stored,3530704599,11077204,11077204,5479280299
Endfield_Data/StreamingAssets/VFS/55FC21C6/,dir,Stored,0,0,0,5490357612
Endfield_Data/StreamingAssets/VFS/55FC21C6/004FBFC2D4BC89BA5F70D60A8FB5A4CB.chk,file,Deflated,3517327871,517841,530656,5490357685
Endfield_Data/StreamingAssets/VFS/55FC21C6/010E4B10E6B0C43611B24F7F903667C0.chk,file,Deflated,895464330,1177962,1202912,5490875635
Endfield_Data/StreamingAssets/VFS/55FC21C6/0179B95F3B72012DAE4EBE7F9B9928EF.chk,file,Deflated,3429948727,737185,756928,5492053706
Endfield_Data/StreamingAssets/VFS/55FC21C6/01DAB53450BBB809BDDE0F75589B8214.chk,file,Deflated,2973559397,113007719,113060768,5492791000
Endfield_Data/StreamingAssets/VFS/55FC21C6/01F7CEF993FA4DE2096B6EEEA05158F0.chk,file,Deflated,906584205,11761127,11800032,5605798828
Endfield_Data/StreamingAssets/VFS/55FC21C6/0212333ED12DBBA67C326EE8A52F8E06.chk,file,Deflated,2191556883,633629,648672,5617560064
Endfield_Data/StreamingAssets/VFS/55FC21C6/022A27CEA061499CCB14BAA8290D07D7.chk,file,Deflated,937402581,779879,795616,5618193802
Endfield_Data/StreamingAssets/VFS/55FC21C6/03834AD402A5413413619F790C333CA5.chk,file,Deflated,3400070114,718155,737248,5618973790
Endfield_Data/StreamingAssets/VFS/55FC21C6/0391E05C0C2A566640E92C6E84A6BAFF.chk,file,Deflated,1460256218,926947,945632,5619692054
Endfield_Data/StreamingAssets/VFS/55FC21C6/03AF296C4239302F640B9B9920843945.chk,file,Deflated,4082334460,455670,466656,5620619110
Endfield_Data/StreamingAssets/VFS/55FC21C6/03B1A75A8CD99556B330582DCECF1B52.chk,file,Deflated,2291116617,6056697,6058176,5621074889
Endfield_Data/StreamingAssets/VFS/55FC21C6/04990A27FB0660510EA465A0156543C8.chk,file,Deflated,1754864327,652926,667296,5627131695
Endfield_Data/StreamingAssets/VFS/55FC21C6/053B3C75BFDF8AAA258533AF076A6A3F.chk,file,Deflated,2692248733,10743853,10757344,5627784730
Endfield_Data/StreamingAssets/VFS/55FC21C6/0541B319E32CD28811FAD58B84AEF7D0.chk,file,Deflated,183455888,997012,1018080,5638528692
Endfield_Data/StreamingAssets/VFS/55FC21C6/05489FF17CB7AFE560BDC0B0555BA969.chk,file,Deflated,637201784,612843,628480,5639525813
Endfield_Data/StreamingAssets/VFS/55FC21C6/05DEEEACAF2818C3790E8F138CB8C71B.chk,file,Stored,3222512375,125175648,125175648,5640138765
Endfield_Data/StreamingAssets/VFS/55FC21C6/05F4D0C5F2209269FC8D6D015B823A27.chk,file,Deflated,4256182987,354429,365376,5765314522
Endfield_Data/StreamingAssets/VFS/55FC21C6/06A0094F7CCCE68AD85E310752E23BFE.chk,file,Stored,3300708654,180307456,180307456,5765669060
Endfield_Data/StreamingAssets/VFS/55FC21C6/06BD3E94E1B2157A89FA383D4B304545.chk,file,Deflated,3759236417,753943,771808,5945976625
Endfield_Data/StreamingAssets/VFS/55FC21C6/0700EE4392062833BAFFCE4A7784EB9C.chk,file,Deflated,3382722799,867900,888224,5946730677
Endfield_Data/StreamingAssets/VFS/55FC21C6/0717563DE6FBCA65C5E1F527B4980FC9.chk,file,Deflated,685990445,44130141,44197920,5947598686
Endfield_Data/StreamingAssets/VFS/55FC21C6/07409E451F3DEE3BE30ED80A1A198E5F.chk,file,Deflated,3853341119,880188,899232,5991728936
Endfield_Data/StreamingAssets/VFS/55FC21C6/0763425EC438577EDA05A18BEB4A5E06.chk,file,Deflated,3937888100,1126224,1150592,5992609233
Endfield_Data/StreamingAssets/VFS/55FC21C6/076D644BF315624C96F42A273A167440.chk,file,Deflated,3622592734,13066732,13076192,5993735566
Endfield_Data/StreamingAssets/VFS/55FC21C6/076FE852A53EF8D38F1450C1556BB742.chk,file,Deflated,1620490162,651926,667168,6006802407
Endfield_Data/StreamingAssets/VFS/55FC21C6/07E939BACB2870E1A2BF5BDCC1F3C87C.chk,file,Deflated,3283284863,782845,800768,6007454442
Endfield_Data/StreamingAssets/VFS/55FC21C6/07FDCD0D2D665455384F7680F56AAAD9.chk,file,Deflated,1843908278,1422362,1451328,6008237396
Endfield_Data/StreamingAssets/VFS/55FC21C6/089C27980965EBE88A972E88A26B82A6.chk,file,Deflated,4142789252,517243,529984,6009659867
Endfield_Data/StreamingAssets/VFS/55FC21C6/0926820BFF2129A0071B54A0A9FF37DC.chk,file,Deflated,1673282957,385025,396608,6010177219
Endfield_Data/StreamingAssets/VFS/55FC21C6/097D564011A7AADC405662DAEC7EA4A7.chk,file,Deflated,2532869313,1272793,1299232,6010562353
Endfield_Data/StreamingAssets/VFS/55FC21C6/0AF95C5B8B7B7C6BEF36F362C0225219.chk,file,Deflated,1907503684,13369212,13378976,6011835255
Endfield_Data/StreamingAssets/VFS/55FC21C6/0C029AA6290799605098868732C8C8D9.chk,file,Deflated,284656538,20922963,20937600,6025204576
Endfield_Data/StreamingAssets/VFS/55FC21C6/0C39ED0A9C01629C624E0B818FDD9E82.chk,file,Deflated,3427465499,7463033,7488160,6046127648
Endfield_Data/StreamingAssets/VFS/55FC21C6/0C83AF8D428687B2676E3F8897DB3A0B.chk,file,Deflated,2067654476,438883,450944,6053590790
Endfield_Data/StreamingAssets/VFS/55FC21C6/0CC43AB493DBA062F0C6284ED2BFE2AC.chk,file,Deflated,547385609,515319,528768,6054029782
Endfield_Data/StreamingAssets/VFS/55FC21C6/0CD3C5DE5E6021ADB3B1DA8A0D18DE5B.chk,file,Deflated,2972413517,937624,958016,6054545210
Endfield_Data/StreamingAssets/VFS/55FC21C6/0D2A27AD257029939ECCFEF076DD22BF.chk,file,Deflated,693017169,302384,310048,6055482943
Endfield_Data/StreamingAssets/VFS/55FC21C6/0D3DB2057633E6A8D031295C08CCF6DD.chk,file,Deflated,2703029335,791683,808512,6055785436
Endfield_Data/StreamingAssets/VFS/55FC21C6/0D60354A97D23CB283D22541E6E53851.chk,file,Deflated,3688750116,1154636,1175616,6056577228
Endfield_Data/StreamingAssets/VFS/55FC21C6/0E16177A38AAD9CDC96DDC53628F94CD.chk,file,Deflated,4274872295,410103,422272,6057731973
Endfield_Data/StreamingAssets/VFS/55FC21C6/0E492FA66E9CB04570D2629AB54572E1.chk,file,Deflated,1614238385,388111,400320,6058142185
Endfield_Data/StreamingAssets/VFS/55FC21C6/0EC9E68F6189B7C368B1EF283CC2E76E.chk,file,Deflated,1812432598,954577,974080,6058530405
Endfield_Data/StreamingAssets/VFS/55FC21C6/0ED4A7BADDC7A85891B21B1C312944DF.chk,file,Deflated,2753219622,1318041,1342688,6059485091
Endfield_Data/StreamingAssets/VFS/55FC21C6/0EF112F0381DE2CB290B1AA55C25EE56.chk,file,Deflated,1153136979,353067,362368,6060803241
Endfield_Data/StreamingAssets/VFS/55FC21C6/0EF410059AFE05D77DA4476D217CCB38.chk,file,Deflated,1727457192,620232,634464,6061156417
Endfield_Data/StreamingAssets/VFS/55FC21C6/0F94CF5D2214D5780426022C4044849D.chk,file,Deflated,3840258410,16382730,16391808,6061776758
Endfield_Data/StreamingAssets/VFS/55FC21C6/10DBABE424D171446CD6B3B48F81896C.chk,file,Deflated,576844118,530446,542112,6078159597
Endfield_Data/StreamingAssets/VFS/55FC21C6/126021C11D20E49F30903531C984A08F.chk,file,Deflated,548889424,1214455,1238944,6078690152
Endfield_Data/StreamingAssets/VFS/55FC21C6/1293690289838C4A7A22F46FFA2621F7.chk,file,Deflated,1431172860,283635,291328,6079904716
Endfield_Data/StreamingAssets/VFS/55FC21C6/13ADABAC1FC7532C1E25A45AEC962A36.chk,file,Deflated,1988218260,519899,533440,6080188460
Endfield_Data/StreamingAssets/VFS/55FC21C6/14061C1EDC0905633E8DFB9D03F514CC.chk,file,Deflated,1756886847,16073747,16113120,6080708468
Endfield_Data/StreamingAssets/VFS/55FC21C6/142ABC77031F93564FE5394860E98F58.chk,file,Deflated,3721012975,401659,414752,6096782324
Endfield_Data/StreamingAssets/VFS/55FC21C6/157FA68B85FF81AEF12E5A27F46A5708.chk,file,Deflated,683522438,1224631,1248384,6097184092
Endfield_Data/StreamingAssets/VFS/55FC21C6/15924D0AB27667C5CA8576CC6F03330B.chk,file,Deflated,1471567409,917503,936224,6098408832
Endfield_Data/StreamingAssets/VFS/55FC21C6/166814B010CFAF7C0E50177C09DC48C7.chk,file,Deflated,1425531838,471745,485312,6099326444
Endfield_Data/StreamingAssets/VFS/55FC21C6/16907B233C13C2CDF4607FCD20C66253.chk,file,Deflated,1852078805,1180931,1204640,6099798298
Endfield_Data/StreamingAssets/VFS/55FC21C6/16BD92F22F93B4874DF06856871147C8.chk,file,Deflated,1185697096,1140135,1166400,6100979338
Endfield_Data/StreamingAssets/VFS/55FC21C6/184882474EED088F80E5E7E329B2D788.chk,file,Deflated,3247208686,1258215,1286784,6102119582
Endfield_Data/StreamingAssets/VFS/55FC21C6/19D3A6786944CF6A87FF5BDC1AEBADA8.chk,file,Deflated,1415132406,1150928,1174784,6103377906
Endfield_Data/StreamingAssets/VFS/55FC21C6/1A0726BD6722A7CF281AF9960D31EA20.chk,file,Deflated,3547479025,1283012,1315872,6104528943
Endfield_Data/StreamingAssets/VFS/55FC21C6/1A949A60C2F76EF485CC636FBCED5FBB.chk,file,Stored,2916830610,19850720,19850720,6105812064
Endfield_Data/StreamingAssets/VFS/55FC21C6/1AED1726F48AD9B798410FF43AB9F051.chk,file,Deflated,3284107134,1016628,1037696,6125662893
Endfield_Data/StreamingAssets/VFS/55FC21C6/1AFC177B7F44318C3D496E3E0D4D75FD.chk,file,Deflated,1275698901,627411,642048,6126679630
Endfield_Data/StreamingAssets/VFS/55FC21C6/1B0EB62CB4733991DEB82188AEE80125.chk,file,Deflated,3987014020,1063388,1083648,6127307150
Endfield_Data/StreamingAssets/VFS/55FC21C6/1B745B94CC3E15454D747286F0D806C0.chk,file,Deflated,962432629,795103,813568,6128370647
Endfield_Data/StreamingAssets/VFS/55FC21C6/1B7FA49D4F5549ED51E004DBDCDEEB69.chk,file,Deflated,4290519452,1230537,1253888,6129165859
Endfield_Data/StreamingAssets/VFS/55FC21C6/1C0E01E65DD920232C5D067D79D18276.chk,file,Deflated,2879759660,32635244,32668384,6130396505
Endfield_Data/StreamingAssets/VFS/55FC21C6/1C9E0E759D100AFF9FFCB284B7F6C211.chk,file,Deflated,737367205,887911,906208,6163031858
Endfield_Data/StreamingAssets/VFS/55FC21C6/1E6A99A3BF842E9229C90878DCC3591B.chk,file,Deflated,2472463660,1035207,1055168,6163919878
Endfield_Data/StreamingAssets/VFS/55FC21C6/1EAD5F280F96E53475CDBE44B8B602F0.chk,file,Deflated,584302274,779926,798560,6164955194
Endfield_Data/StreamingAssets/VFS/55FC21C6/1F571F9F3C110968BBDF741DBA08116A.chk,file,Deflated,987905393,1234112,1258528,6165735229
Endfield_Data/StreamingAssets/VFS/55FC21C6/20650D5C14BE2BB3195C094FD9FDDDF9.chk,file,Deflated,771642486,535976,548128,6166969450
Endfield_Data/StreamingAssets/VFS/55FC21C6/211461323494C8F924CA657CF1DD5716.chk,file,Deflated,3861289743,571250,585312,6167505535
Endfield_Data/StreamingAssets/VFS/55FC21C6/217E57F3EB773A2E017688B56373C443.chk,file,Deflated,2036203166,782486,800160,6168076894
Endfield_Data/StreamingAssets/VFS/55FC21C6/21EC691909338D8EE7098A36D1A03FA7.chk,file,Deflated,3084701251,327713,335392,6168859489
Endfield_Data/StreamingAssets/VFS/55FC21C6/22D064749B705968253C9B0B9FC98C0E.chk,file,Deflated,2630042528,1045358,1065504,6169187311
Endfield_Data/StreamingAssets/VFS/55FC21C6/22E92D1DF78198C83C7393AF1F4414A0.chk,file,Deflated,947728912,466007,468064,6170232778
Endfield_Data/StreamingAssets/VFS/55FC21C6/253E944364B333FCDA83871B23E3FAFF.chk,file,Deflated,3489252958,779811,796608,6170698894
Endfield_Data/StreamingAssets/VFS/55FC21C6/25431677ECF9ABF5351DCEEFE497A5DB.chk,file,Deflated,940480645,746419,764960,6171478814
Endfield_Data/StreamingAssets/VFS/55FC21C6/25DA2186DB87A21CA61F98D349678238.chk,file,Deflated,1592677551,1174209,1203168,6172225342
Endfield_Data/StreamingAssets/VFS/55FC21C6/25FA8F51AF06699F1D67DA7A89039C31.chk,file,Deflated,1188683338,283643,291328,6173399660
Endfield_Data/StreamingAssets/VFS/55FC21C6/2630E01D07F2674D2C8C1AC819ED4A9A.chk,file,Deflated,3379825525,2462044,2468960,6173683412
Endfield_Data/StreamingAssets/VFS/55FC21C6/268D2E347290C1869675336E500906BD.chk,file,Deflated,1739609877,222667838,222864544,6176145565
Endfield_Data/StreamingAssets/VFS/55FC21C6/269BA7B2B260F8AE8122CD675791910E.chk,file,Deflated,3406651914,439049,450496,6398813512
Endfield_Data/StreamingAssets/VFS/55FC21C6/26CC12948CCE80BEB1D2A9981A6F632C.chk,file,Deflated,932169670,1133006,1155200,6399252670
Endfield_Data/StreamingAssets/VFS/55FC21C6/273473BCD36FDFC39451A93354508C3A.chk,file,Deflated,3858289655,350347,360640,6400385785
Endfield_Data/StreamingAssets/VFS/55FC21C6/283CBF8AECB26B157211AE83DDA71D5C.chk,file,Deflated,3160645998,78276095,78334976,6400736241
Endfield_Data/StreamingAssets/VFS/55FC21C6/2876C48A043E0E3D8F2BFFA53B004F82.chk,file,Deflated,4123539984,1148769,1172640,6479012445
Endfield_Data/StreamingAssets/VFS/55FC21C6/28E0FA466380C585C36CCB1C457CED35.chk,file,Deflated,1361134749,1076136,1100512,6480161323
Endfield_Data/StreamingAssets/VFS/55FC21C6/28F7198E5CEDCF0BBA3D67C025FCC1E0.chk,file,Deflated,460045755,293914,301088,6481237568
Endfield_Data/StreamingAssets/VFS/55FC21C6/2904B2E6D1EDA0D1282A8C7A06EAF432.chk,file,Deflated,4293873413,1177903,1206240,6481531591
Endfield_Data/StreamingAssets/VFS/55FC21C6/291B3EEDDF0BA7C4C03D394B599B0E7B.chk,file,Deflated,2574377775,1275374,1300576,6482709603
Endfield_Data/StreamingAssets/VFS/55FC21C6/291F25C38BF0D0E7E6B2D80A88BA8AFB.chk,file,Deflated,3048183024,1353097,1379616,6483985086
Endfield_Data/StreamingAssets/VFS/55FC21C6/29786C2A3B140CA9E201F876D2127D0F.chk,file,Deflated,2150569225,853726,871648,6485338292
Endfield_Data/StreamingAssets/VFS/55FC21C6/29B1BE9BC6D90A2B3AB5467E87DEC1E8.chk,file,Stored,977128974,105791168,105791168,6486192127
Endfield_Data/StreamingAssets/VFS/55FC21C6/29D0FF5D879022AC02D6593A0CCA3D26.chk,file,Deflated,3199684801,380258,389088,6591983404
Endfield_Data/StreamingAssets/VFS/55FC21C6/2A04C1991BD1F2F79768D106F89B7489.chk,file,Deflated,1745744254,655744,670880,6592363771
Endfield_Data/StreamingAssets/VFS/55FC21C6/2A231919FBF0E578FBF3F6C9A35E81AE.chk,file,Deflated,2259557518,546601,560704,6593019624
Endfield_Data/StreamingAssets/VFS/55FC21C6/2A3CE61A7C27285DA00D60523AA55D8C.chk,file,Deflated,280522150,1125741,1149024,6593566334
Endfield_Data/StreamingAssets/VFS/55FC21C6/2AE0B0CEB8B062629ECBF61A95EF8686.chk,file,Deflated,776094504,861386,880352,6594692184
Endfield_Data/StreamingAssets/VFS/55FC21C6/2AE56E70FE9577668A31D74A4CBF4B6E.chk,file,Deflated,4054521013,909307,930336,6595553679
Endfield_Data/StreamingAssets/VFS/55FC21C6/2B14B4CF84BAB2E94C2B7B473F251B1D.chk,file,Deflated,3281357984,698463,714112,6596463095
Endfield_Data/StreamingAssets/VFS/55FC21C6/2B4C65F3E83A9A069EA1F734F9790997.chk,file,Deflated,1714093089,397277,408288,6597161667
Endfield_Data/StreamingAssets/VFS/55FC21C6/2B8492EC308E6F4996D7F6D7D6931B03.chk,file,Deflated,3527335696,632297,645248,6597559053
Endfield_Data/StreamingAssets/VFS/55FC21C6/2BE45420562B7B8BBD53F041B2CDF3A2.chk,file,Deflated,2555156800,540471,554720,6598191459
Endfield_Data/StreamingAssets/VFS/55FC21C6/2C7E948598F4B9CAB2872E7E2F70AE7D.chk,file,Deflated,3998412805,912071,931232,6598732039
Endfield_Data/StreamingAssets/VFS/55FC21C6/2D04E3E718F6ED9B69628FD9731647AD.chk,file,Deflated,3858289655,350347,360640,6599644219
Endfield_Data/StreamingAssets/VFS/55FC21C6/2D527FFB3896F1CBA7EAD9DC73B81694.chk,file,Deflated,2300951625,1100812,1126848,6599994675
Endfield_Data/StreamingAssets/VFS/55FC21C6/2DA37262E2AE57E609CD35B6981BA8EA.chk,file,Deflated,2393440654,17389232,17402048,6601095596
Endfield_Data/StreamingAssets/VFS/55FC21C6/2DEA8A7A0C69C885C76D5332A62DA23F.chk,file,Deflated,630951452,785986,802848,6618484937
Endfield_Data/StreamingAssets/VFS/55FC21C6/2ECDDB5054DE0ADA862B9AA77F9BC612.chk,file,Deflated,3764582508,616529,630432,6619271032
Endfield_Data/StreamingAssets/VFS/55FC21C6/2F70AE40BC3A21CDED2977406C84653B.chk,file,Deflated,646979080,543766,558112,6619887670
Endfield_Data/StreamingAssets/VFS/55FC21C6/2FCE02D9E20E0CEA681D57F0E46CA4CA.chk,file,Deflated,2334702983,285650,297248,6620431545
Endfield_Data/StreamingAssets/VFS/55FC21C6/302E5E434BE2B5306443E6CE272A0627.chk,file,Deflated,1313376851,715212,731136,6620717304
Endfield_Data/StreamingAssets/VFS/55FC21C6/306B44DEEF50C721F93E03810A118EBD.chk,file,Deflated,1190506419,711344,727616,6621432625
Endfield_Data/StreamingAssets/VFS/55FC21C6/307E01E290F46789E8BD7993E4FF14F1.chk,file,Deflated,3351872015,4923416,4929600,6622144078
Endfield_Data/StreamingAssets/VFS/55FC21C6/3100DA634EDB6CE9101EF21FD85470CD.chk,file,Deflated,1216894064,358626,366240,6627067603
Endfield_Data/StreamingAssets/VFS/55FC21C6/32E73C21F059352580E1AEC72C3D5075.chk,file,Deflated,2641828096,532390,546784,6627426338
Endfield_Data/StreamingAssets/VFS/55FC21C6/3430B892BE29911C890B55557D09FFB9.chk,file,Deflated,1722879043,694359,709760,6627958837
Endfield_Data/StreamingAssets/VFS/55FC21C6/345CAA67512BB33097F53890664BA00B.chk,file,Deflated,174483329,95892383,95937888,6628653305
Endfield_Data/StreamingAssets/VFS/55FC21C6/349224E0AD92C1191EF2211FE73F2209.chk,file,Deflated,2274284503,1198874,1222432,6724545797
Endfield_Data/StreamingAssets/VFS/55FC21C6/34FB50C1ACF49853EA9CCA42CFCDDA4A.chk,file,Deflated,1646975306,727313,749760,6725744780
Endfield_Data/StreamingAssets/VFS/55FC21C6/35064BE2D879DC8C2499172A41F56B9C.chk,file,Deflated,553470586,635741,651488,6726472202
Endfield_Data/StreamingAssets/VFS/55FC21C6/3563C5FE030565CDDEB5AF627417A482.chk,file,Deflated,575707626,181118238,181465760,6727108052
Endfield_Data/StreamingAssets/VFS/55FC21C6/359554CAF31448DCD5E148D19526E455.chk,file,Deflated,2482282933,820911,840224,6908226399
Endfield_Data/StreamingAssets/VFS/55FC21C6/36A1E52E27DF3F47B6384425624058AB.chk,file,Deflated,4077558044,636283,650944,6909047419
Endfield_Data/StreamingAssets/VFS/55FC21C6/376EE514C285DC7A3151092AA605F4F3.chk,file,Deflated,578303419,1187132,1210432,6909683811
Endfield_Data/StreamingAssets/VFS/55FC21C6/378A455FF5D7571C78F5C86057B7EAFC.chk,file,Deflated,2125579748,853788,873760,6910871052
Endfield_Data/StreamingAssets/VFS/55FC21C6/379DD9164AFD1DDE74DBFC6996928F26.chk,file,Deflated,3533916861,388048,397216,6911724949
Endfield_Data/StreamingAssets/VFS/55FC21C6/38283056A41228FF49895CBDB0495522.chk,file,Deflated,1731776670,895155,917600,6912113106
Endfield_Data/StreamingAssets/VFS/55FC21C6/38BCCD48C8953D8E2C19333908629F11.chk,file,Deflated,1610589503,418794,429568,6913008370
Endfield_Data/StreamingAssets/VFS/55FC21C6/3A3C94056A92572CAC50EE23986F9013.chk,file,Deflated,2099456034,627409,642048,6913427273
Endfield_Data/StreamingAssets/VFS/55FC21C6/3A6C782B82EC9F1C197839A2F2A19DFA.chk,file,Deflated,52918171,16310224,16319712,6914054791
Endfield_Data/StreamingAssets/VFS/55FC21C6/3A77E3026964B645010330E1E016EC1E.chk,file,Deflated,1890603693,1235200,1257696,6930365124
Endfield_Data/StreamingAssets/VFS/55FC21C6/3A7F9CA7F292AB9972E8D359FA7788D1.chk,file,Deflated,3515284624,643729,659648,6931600433
Endfield_Data/StreamingAssets/VFS/55FC21C6/3AA95E843847CE85E39672B25F1745A7.chk,file,Deflated,168440041,1025938,1047552,6932244271
Endfield_Data/StreamingAssets/VFS/55FC21C6/3AD3D827EF6997A4E8738834F010739A.chk,file,Deflated,2146494457,775221,790496,6933270318
Endfield_Data/StreamingAssets/VFS/55FC21C6/3AF02E2170CAF138B1384DD752AE4332.chk,file,Deflated,1104062925,944558,967520,6934045648
Endfield_Data/StreamingAssets/VFS/55FC21C6/3B54F0A574C55228A8A91D2649CB3CB7.chk,file,Deflated,1836155534,830778,848352,6934990315
Endfield_Data/StreamingAssets/VFS/55FC21C6/3B5774268A4FA6FAE78CD8B6056C3D71.chk,file,Deflated,1674038296,1209652,1240960,6935821202
Endfield_Data/StreamingAssets/VFS/55FC21C6/3BA5C6E0CD12C69613B84147D0FC42AB.chk,file,Deflated,2968893487,798648,815392,6937030963
Endfield_Data/StreamingAssets/VFS/55FC21C6/3C772F85C7BA4D96C4D99AC37C108B0F.chk,file,Deflated,1595742534,21293640,21314464,6937829720
Endfield_Data/StreamingAssets/VFS/55FC21C6/3CD3D068007E013C0D61343167F64E41.chk,file,Deflated,1479936228,32630474,32664928,6959123469
Endfield_Data/StreamingAssets/VFS/55FC21C6/3E062DDFFFD3CAE27264B88B89DD012A.chk,file,Deflated,1589691740,1008677,1031936,6991754052
Endfield_Data/StreamingAssets/VFS/55FC21C6/3E26788F1AF5EE9E6B3912AB7ED872F1.chk,file,Deflated,1760271503,523130,539584,6992762838
Endfield_Data/StreamingAssets/VFS/55FC21C6/3E5F48AC9552405E25BB1DA6BE1F422B.chk,file,Deflated,2679186293,943094,962688,6993286077
Endfield_Data/StreamingAssets/VFS/55FC21C6/3E7B9F41BAFB2B13F62B570B431E7AC4.chk,file,Deflated,3861309321,265123,273056,6994229280
Endfield_Data/StreamingAssets/VFS/55FC21C6/3E973B75BA230D0C6E17D16B406A3F0B.chk,file,Deflated,3410547703,682179,698592,6994494512
Endfield_Data/StreamingAssets/VFS/55FC21C6/408B6EFA6C484BE58AF3FD515C0E1DF2.chk,file,Deflated,3155899327,418288,429344,6995176800
Endfield_Data/StreamingAssets/VFS/55FC21C6/410E9BC65D52D8931FCA588A02F4B272.chk,file,Deflated,2505747321,105091280,105210304,6995595197
Endfield_Data/StreamingAssets/VFS/55FC21C6/41249E3E0BFEE52321DB844800F9A6C9.chk,file,Deflated,3420082605,676462,690816,7100686586
Endfield_Data/StreamingAssets/VFS/55FC21C6/413AF387B24D7A1031261024A48657CA.chk,file,Deflated,2760118518,74063324,74092448,7101363157
Endfield_Data/StreamingAssets/VFS/55FC21C6/4160FED98B19BB5624004533552E96D9.chk,file,Deflated,17672749,290083,298272,7175426590
Endfield_Data/StreamingAssets/VFS/55FC21C6/419314EB52ABD3871CDB79FE85A97B94.chk,file,Deflated,2982334397,1074265,1095872,7175716782
Endfield_Data/StreamingAssets/VFS/55FC21C6/41D899179931766E78A9268463F32849.chk,file,Deflated,3865624526,12295698,12313760,7176791156
Endfield_Data/StreamingAssets/VFS/55FC21C6/41F353EE5497D639A002BAA0F32B7FD9.chk,file,Deflated,658308730,707798,725952,7189086963
Endfield_Data/StreamingAssets/VFS/55FC21C6/422DB741D831CC4704DC0838ECA3A007.chk,file,Deflated,2553609602,652913,667296,7189794870
Endfield_Data/StreamingAssets/VFS/55FC21C6/4329019ACE5C318749D54D0BF319D46B.chk,file,Deflated,3382294737,399613,410688,7190447892
Endfield_Data/StreamingAssets/VFS/55FC21C6/434301F503E330970F3A557639011360.chk,file,Deflated,2107090565,1238473,1263328,7190847614
Endfield_Data/StreamingAssets/VFS/55FC21C6/438B28C250A82B64504CFDEE0D38B5E3.chk,file,Deflated,1480139548,1235193,1257696,7192086196
Endfield_Data/StreamingAssets/VFS/55FC21C6/4480248EB74644FA3663511B849D130F.chk,file,Deflated,511125442,803102,821248,7193321498
Endfield_Data/StreamingAssets/VFS/55FC21C6/44DE7ED48D1720B60DA300EC7361E07B.chk,file,Deflated,1921098259,405067,416672,7194124709
Endfield_Data/StreamingAssets/VFS/55FC21C6/458FC76F676E32D147413C51E5C0A542.chk,file,Deflated,2993679248,558309,574272,7194529885
Endfield_Data/StreamingAssets/VFS/55FC21C6/4608671EC6F168A524C53FE65479F15B.chk,file,Deflated,2717737314,647720,661632,7195088303
Endfield_Data/StreamingAssets/VFS/55FC21C6/461EEC63AC3DC6D6F6E72969DFF8CAF2.chk,file,Deflated,3793842994,3999951,4012928,7195736132
Endfield_Data/StreamingAssets/VFS/55FC21C6/46C0F6F2BDBE3A29DB101F2FCE799E9D.chk,file,Deflated,1060347356,916069,938656,7199736192
Endfield_Data/StreamingAssets/VFS/55FC21C6/475B24A1D7514DF831DCA2803062D73E.chk,file,Deflated,1380793881,1578033,1608288,7200652370
Endfield_Data/StreamingAssets/VFS/55FC21C6/477672F89F78B1AA16D6B4D5B01FD3AC.chk,file,Stored,3985219722,125135648,125135648,7202230512
Endfield_Data/StreamingAssets/VFS/55FC21C6/477B290A22E9553B39DE8FFFB233DBE3.chk,file,Deflated,1821145988,586305,599968,7327366269
Endfield_Data/StreamingAssets/VFS/55FC21C6/48158B0F992B88B932A4470B90C05A32.chk,file,Deflated,2663397494,461624,475488,7327952683
Endfield_Data/StreamingAssets/VFS/55FC21C6/4820F3F0442D787B1FB45353874CFF96.chk,file,Stored,189224418,93962752,93962752,7328414416
Endfield_Data/StreamingAssets/VFS/55FC21C6/48936643FB9647327EC6CE1BAB94107A.chk,file,Deflated,16217436,41391375,41406144,7422377277
Endfield_Data/StreamingAssets/VFS/55FC21C6/48B9B3AC123F5634173424666E28EC6C.chk,file,Deflated,1898775676,356302,367104,7463768761
Endfield_Data/StreamingAssets/VFS/55FC21C6/4A24543518C828C89A0DD1EF7E15773C.chk,file,Deflated,2448702164,779792,796992,7464125172
Endfield_Data/StreamingAssets/VFS/55FC21C6/4A30204BB7C43DDF498AAAD5421DDD0F.chk,file,Deflated,2736439682,553902,569344,7464905073
Endfield_Data/StreamingAssets/VFS/55FC21C6/4A3725C11BF46FF66944B092166E9DAD.chk,file,Deflated,2113306669,894875,913472,7465459084
Endfield_Data/StreamingAssets/VFS/55FC21C6/4BA0D01832706B32A8BB0CA01D2BBEE6.chk,file,Deflated,2274834865,828236,845600,7466354068
Endfield_Data/StreamingAssets/VFS/55FC21C6/4C66B9B08E7BD049AD61A06E1F0A7DEB.chk,file,Deflated,3955308113,9052182,9082784,7467182413
Endfield_Data/StreamingAssets/VFS/55FC21C6/4D59F4ABF9123700085BBFC859C3C81C.chk,file,Deflated,5008265,16155463,16187360,7476234704
Endfield_Data/StreamingAssets/VFS/55FC21C6/4E9CFBD9E84EA083DC3E0EBEB3EBD173.chk,file,Deflated,1028422364,498641,512672,7492390276
Endfield_Data/StreamingAssets/VFS/55FC21C6/4F896D4CE593D928F4B16A0D51ADAFCB.chk,file,Deflated,2604356441,710700,726880,7492889026
Endfield_Data/StreamingAssets/VFS/55FC21C6/4F928842007C1181802E9F094C997F72.chk,file,Deflated,797585087,443376,453280,7493599835
Endfield_Data/StreamingAssets/VFS/55FC21C6/4FB8E325B6E404C7C0954F7BC094CFF1.chk,file,Deflated,4049280580,1065508,1090784,7494043320
Endfield_Data/StreamingAssets/VFS/55FC21C6/4FD4A1675A046D99F0A265297AA3D272.chk,file,Deflated,3881760530,1093503,1118432,7495108937
Endfield_Data/StreamingAssets/VFS/55FC21C6/5005B280B41D75C22468775A74573DF0.chk,file,Deflated,2619213979,1100104,1125088,7496202549
Endfield_Data/StreamingAssets/VFS/55FC21C6/500627179D410DC4CBF528B91074A292.chk,file,Deflated,908927090,454855,466016,7497302762
Endfield_Data/StreamingAssets/VFS/55FC21C6/50414041F7B111B8622302F5C85A390C.chk,file,Deflated,1947971477,491870,504544,7497757726
Endfield_Data/StreamingAssets/VFS/55FC21C6/50A80D134B80F2712199BED258C84FEB.chk,file,Deflated,865679563,53525822,53547008,7498249705
Endfield_Data/StreamingAssets/VFS/55FC21C6/50BCC5B74512DF011FE2AF5BC4F01E3F.chk,file,Deflated,3937834761,566412,580416,7551775636
Endfield_Data/StreamingAssets/VFS/55FC21C6/50BFB2C70610D82EF06CB33F57B18E69.chk,file,Deflated,2684855255,59413969,59462336,7552342157
Endfield_Data/StreamingAssets/VFS/55FC21C6/5164709D42756949AA56823171A63FE5.chk,file,Deflated,415635493,626825,642240,7611756235
Endfield_Data/StreamingAssets/VFS/55FC21C6/51C2B2B511AF8554839DC8781C391A9B.chk,file,Deflated,2670534951,867899,888224,7612383169
Endfield_Data/StreamingAssets/VFS/55FC21C6/527CB4B94B6B6495D7674B39FD61044E.chk,file,Deflated,653775542,754621,774016,7613251177
Endfield_Data/StreamingAssets/VFS/55FC21C6/53151862ABE94D70A77F303DBB08030B.chk,file,Deflated,1086594969,404759,416608,7614005907
Endfield_Data/StreamingAssets/VFS/55FC21C6/534C808EABADE8B4378FD21857D66C4A.chk,file,Deflated,2679923708,1048338,1068064,7614410775
Endfield_Data/StreamingAssets/VFS/55FC21C6/5360E27CFE494E8C49503A343E903705.chk,file,Deflated,2608797900,105003112,105074304,7615459222
Endfield_Data/StreamingAssets/VFS/55FC21C6/5383C998C97CEDD3ADA623C8FAAEE752.chk,file,Deflated,2445092001,1512356,1531232,7720462443
Endfield_Data/StreamingAssets/VFS/55FC21C6/53AE28007B56E0D3F0EE956CB3FF335D.chk,file,Deflated,4138511216,131664001,131726784,7721974908
Endfield_Data/StreamingAssets/VFS/55FC21C6/543AF8A842644DCDD49DAE54EB7848B1.chk,file,Deflated,3189931141,491624,505984,7853639018
Endfield_Data/StreamingAssets/VFS/55FC21C6/55FC21C6.blc,file,Stored,963625543,110315,110315,7854130751
Endfield_Data/StreamingAssets/VFS/55FC21C6/5614E9EFAF1193BB7F443C702056A2C2.chk,file,Deflated,3943913520,289468,298816,7854241151
Endfield_Data/StreamingAssets/VFS/55FC21C6/561913C19518D846C7390284E9F75AE3.chk,file,Deflated,1662596129,75867127,75949664,7854530728
Endfield_Data/StreamingAssets/VFS/55FC21C6/56C6655F3D1E3442BAE6DC1AE649BC84.chk,file,Deflated,3869886885,916516,935840,7930397964
Endfield_Data/StreamingAssets/VFS/55FC21C6/577FDC4F506BE0762705F45995FCFC50.chk,file,Deflated,1764116833,675129,691456,7931314589
Endfield_Data/StreamingAssets/VFS/55FC21C6/58961CE6271C7A26A060859F9F1546C4.chk,file,Deflated,810005413,359812,367296,7931989827
Endfield_Data/StreamingAssets/VFS/55FC21C6/58CD8416267836E1986AD937B06938E4.chk,file,Deflated,579416994,586457,603008,7932349748
Endfield_Data/StreamingAssets/VFS/55FC21C6/59767824C1054B9C962E79B111733FF2.chk,file,Deflated,389416359,848025,864512,7932936314
Endfield_Data/StreamingAssets/VFS/55FC21C6/5980A045689694A84A93C3550DC1834B.chk,file,Deflated,1653980539,1160128,1183904,7933784448
Endfield_Data/StreamingAssets/VFS/55FC21C6/5AFAF7600FABAE289AA26BE6A3CB5728.chk,file,Deflated,3854593502,59747169,59777632,7934944685
Endfield_Data/StreamingAssets/VFS/55FC21C6/5B4E7DF81DA4DE79E8EB9B0A2339D1A5.chk,file,Deflated,1637409413,59761774,59793536,7994691963
Endfield_Data/StreamingAssets/VFS/55FC21C6/5B731369ABFB09B910842B8262F3A03A.chk,file,Deflated,808946381,883014,903136,8054453846
Endfield_Data/StreamingAssets/VFS/55FC21C6/5C4FB0E9D7BB9686978B3344CE52AD9B.chk,file,Deflated,832955331,539935,553120,8055336969
Endfield_Data/StreamingAssets/VFS/55FC21C6/5CBD47CBC8FC2528C2172D652DEE67A4.chk,file,Deflated,2522539985,408941,420416,8055877013
Endfield_Data/StreamingAssets/VFS/55FC21C6/5D0DD6902BF4588C52624BF17958F394.chk,file,Deflated,24134289,500524,515520,8056286063
Endfield_Data/StreamingAssets/VFS/55FC21C6/5D491CF5A0090CC9C0164ED5337382FD.chk,file,Deflated,2072551189,110287921,110361568,8056786696
Endfield_Data/StreamingAssets/VFS/55FC21C6/5D8BFEC103A0664D913DB9A6F4DA86FE.chk,file,Deflated,514157075,743275,765280,8167074726
Endfield_Data/StreamingAssets/VFS/55FC21C6/5DC1A875CEB1B9C82303AF5C77E4BBC9.chk,file,Deflated,266877594,562269,576896,8167818110
Endfield_Data/StreamingAssets/VFS/55FC21C6/5E64D15283664BB8B79044E092675974.chk,file,Deflated,607462020,1172146,1196480,8168380488
Endfield_Data/StreamingAssets/VFS/55FC21C6/5E95736F947CA5A0286810B8489A8558.chk,file,Deflated,1117500931,32030279,32090848,8169552743
Endfield_Data/StreamingAssets/VFS/55FC21C6/5F71D00D32B81C79ADE6C079854CE978.chk,file,Deflated,3307160119,928886,948480,8201583131
Endfield_Data/StreamingAssets/VFS/55FC21C6/5F79353C4479B209D0BCF32CCDF8FCAE.chk,file,Deflated,4105504911,423703,434048,8202512126
Endfield_Data/StreamingAssets/VFS/55FC21C6/5FAFDD5A1CF553CB487833A0D9414156.chk,file,Deflated,2391089810,1101483,1124768,8202935938
Endfield_Data/StreamingAssets/VFS/55FC21C6/5FCCCFB8644720024EA9579A062062C1.chk,file,Deflated,53655234,869548,888864,8204037530
Endfield_Data/StreamingAssets/VFS/55FC21C6/5FFF68E62609DC53BA8B7CE2067AE10D.chk,file,Deflated,3201425218,673055,686976,8204907187
Endfield_Data/StreamingAssets/VFS/55FC21C6/6002D1FBEDBA02E9480817A550BDDA45.chk,file,Deflated,993698642,149156312,149341472,8205580351
Endfield_Data/StreamingAssets/VFS/55FC21C6/6101097D20109FB1BA180738DAD1B053.chk,file,Deflated,655956275,586060,602208,8354736772
Endfield_Data/StreamingAssets/VFS/55FC21C6/610CD124FD332FDC9A155F0577060448.chk,file,Deflated,1250439766,1086272,1108544,8355322941
Endfield_Data/StreamingAssets/VFS/55FC21C6/612EC2B931ACE5A48F76297560959163.chk,file,Deflated,1177573736,444583,455616,8356409322
Endfield_Data/StreamingAssets/VFS/55FC21C6/6168D4661C7190096C98DC6C5BAF6022.chk,file,Deflated,3892209979,750383,769568,8356854014
Endfield_Data/StreamingAssets/VFS/55FC21C6/618F085AF25ED321482DC23C40271B16.chk,file,Deflated,1848573701,1051048,1072352,8357604506
Endfield_Data/StreamingAssets/VFS/55FC21C6/61D8B1CAFD0373243A67BF8712BDFD43.chk,file,Deflated,2024663263,17351223,17364000,8358655663
Endfield_Data/StreamingAssets/VFS/55FC21C6/61DF630D2361F65A8CAE1DD90B9902D0.chk,file,Deflated,2299103293,999498,1011872,8376006995
Endfield_Data/StreamingAssets/VFS/55FC21C6/62C45FEC098CDDC9B04A72211C4CEE95.chk,file,Deflated,1046214559,21355379,21393728,8377006602
Endfield_Data/StreamingAssets/VFS/55FC21C6/62CDC6CA7159EC3F08D94DCA192188FF.chk,file,Deflated,711963868,1168272,1193760,8398362090
Endfield_Data/StreamingAssets/VFS/55FC21C6/62E08C11BED7228D80563536F4B0C5F0.chk,file,Deflated,620542448,492354,503744,8399530471
Endfield_Data/StreamingAssets/VFS/55FC21C6/6384DEBF4AE65B6111F60E6B99541F3B.chk,file,Deflated,616427533,1196553,1219680,8400022934
Endfield_Data/StreamingAssets/VFS/55FC21C6/63FF74DF9608C464CD37404B0730A0B0.chk,file,Deflated,4006726301,8072971,8097664,8401219596
Endfield_Data/StreamingAssets/VFS/55FC21C6/6454107E61C4DDB951EC998494FA8D19.chk,file,Deflated,117751776,1266329,1290464,8409292676
Endfield_Data/StreamingAssets/VFS/55FC21C6/64E14C0A834A9894C89820B38BAAA25C.chk,file,Stored,210519963,46762720,46762720,8410559114
Endfield_Data/StreamingAssets/VFS/55FC21C6/6501B2A39A12F0A928142450D831CB4E.chk,file,Deflated,4110846372,1089096,1091968,8457321943
Endfield_Data/StreamingAssets/VFS/55FC21C6/661769F436FCCA1204F1C6DDA6BFCE01.chk,file,Deflated,2632890606,799544,816032,8458411148
Endfield_Data/StreamingAssets/VFS/55FC21C6/666CFE8730E31C13FD516C3DE6D97DD8.chk,file,Deflated,3863631634,105297390,105370784,8459210801
Endfield_Data/StreamingAssets/VFS/55FC21C6/66926590109304384B48F5ECE54A41F4.chk,file,Deflated,1156813180,603266,616992,8564508300
Endfield_Data/StreamingAssets/VFS/55FC21C6/66CBEA47C693D4B8C57223D1296AADCD.chk,file,Deflated,1370003632,605712,631616,8565111675
Endfield_Data/StreamingAssets/VFS/55FC21C6/672BF40E046A52F8B26CDF635CB26663.chk,file,Deflated,3091051444,1180203,1205856,8565717496
Endfield_Data/StreamingAssets/VFS/55FC21C6/674C203074E68D3F676A7C357402EB45.chk,file,Deflated,2596659035,360182,369760,8566897808
Endfield_Data/StreamingAssets/VFS/55FC21C6/67E76224678244ACEFB79B6B8EC8D1F5.chk,file,Deflated,442340509,593972,608960,8567258099
Endfield_Data/StreamingAssets/VFS/55FC21C6/6818D1C3CE935A130B202E64D08BC49D.chk,file,Deflated,3106567484,992922,1013600,8567852180
Endfield_Data/StreamingAssets/VFS/55FC21C6/687047A015C0CDC9296F396777EF2D68.chk,file,Deflated,350341535,691756,708704,8568845211
Endfield_Data/StreamingAssets/VFS/55FC21C6/68D55051BC3AC2DB4D78E84D7A7F9068.chk,file,Deflated,3816773984,388015,398656,8569537076
Endfield_Data/StreamingAssets/VFS/55FC21C6/68F79506904800907510D1B95BE88EF1.chk,file,Deflated,3301730339,1128230,1148608,8569925200
Endfield_Data/StreamingAssets/VFS/55FC21C6/69083F926D3C370EF9D426B619F8909D.chk,file,Deflated,2654904116,288645,297152,8571053539
Endfield_Data/StreamingAssets/VFS/55FC21C6/696627B0EE39BB07E8F0CE67B571B62E.chk,file,Deflated,1674654841,781192,801856,8571342293
Endfield_Data/StreamingAssets/VFS/55FC21C6/69AB90F670377C6767DB3CF4DFD54260.chk,file,Deflated,950732501,747809,763712,8572123594
Endfield_Data/StreamingAssets/VFS/55FC21C6/69F26DEEEB17E8811BD935546C1A3BEA.chk,file,Deflated,4026515304,1165708,1189824,8572871512
Endfield_Data/StreamingAssets/VFS/55FC21C6/6A09464C900DCEF735D05F17E7A9CFE0.chk,file,Deflated,3083047450,960014,980480,8574037329
Endfield_Data/StreamingAssets/VFS/55FC21C6/6A9888388D1801FEF37A165D9956DBAB.chk,file,Deflated,4191359939,10759246,10771648,8574997452
Endfield_Data/StreamingAssets/VFS/55FC21C6/6BB3001881B479D56F19EE820B4448FA.chk,file,Deflated,148310225,1167001,1193632,8585756807
Endfield_Data/StreamingAssets/VFS/55FC21C6/6BB7C8B5553304A6D0ED9444149CC8F4.chk,file,Deflated,1715322979,607609,621920,8586923917
Endfield_Data/StreamingAssets/VFS/55FC21C6/6D0AFB0F799B7366D739592FA533EB57.chk,file,Deflated,46279545,1132799,1158752,8587531635
Endfield_Data/StreamingAssets/VFS/55FC21C6/6DA040D849BECFF5B430F319D2837745.chk,file,Deflated,3231397773,518597,533312,8588664543
Endfield_Data/StreamingAssets/VFS/55FC21C6/6DB4C2E93F670584E74A99F28400DFE7.chk,file,Deflated,2316059476,1187122,1210432,8589183249
Endfield_Data/StreamingAssets/VFS/55FC21C6/6DD7723600F91742D9045FE8E938D006.chk,file,Deflated,4109941315,892684,912448,8590370480
Endfield_Data/StreamingAssets/VFS/55FC21C6/6DF1EB71CBD9FB0815B5AE9A3AB09B89.chk,file,Stored,2259641960,31279648,31279648,8591263273
Endfield_Data/StreamingAssets/VFS/55FC21C6/6E66FA3E44667267A1FC82BCB730317E.chk,file,Deflated,2382584093,876470,898592,8622543030
Endfield_Data/StreamingAssets/VFS/55FC21C6/6E70AABEF09B9D7E5324DC250E41B15C.chk,file,Deflated,814809111,405828,407968,8623419609
Endfield_Data/StreamingAssets/VFS/55FC21C6/6E773F4344F34A3E4853E084B7E02779.chk,file,Deflated,2429661453,423699,434048,8623825546
Endfield_Data/StreamingAssets/VFS/55FC21C6/6EA0773F115DC288A937F35905DC4612.chk,file,Deflated,3346854496,968757,988384,8624249354
Endfield_Data/StreamingAssets/VFS/55FC21C6/6EB78C0857BA83E1A35D3D9BD9D2DE7B.chk,file,Deflated,1243561001,785049,802848,8625218220
Endfield_Data/StreamingAssets/VFS/55FC21C6/6EC723914204FC998902C29A0A3C4F01.chk,file,Deflated,3055294490,1805131,1837728,8626003378
Endfield_Data/StreamingAssets/VFS/55FC21C6/6F1E82AA7D96477486BAEF2F38EB3A65.chk,file,Deflated,2484332015,432494,444128,8627808618
Endfield_Data/StreamingAssets/VFS/55FC21C6/6F8C4E90076554C6C60E90131D2C31BC.chk,file,Deflated,2397334309,1247506,1271872,8628241221
Endfield_Data/StreamingAssets/VFS/55FC21C6/6F936AD696713C462C3C698CE86E8541.chk,file,Deflated,3032058980,473568,485600,8629488836
Endfield_Data/StreamingAssets/VFS/55FC21C6/6FF0C8A6CE65BDAF2B4A0598C8CB550E.chk,file,Deflated,3466672122,662344,680512,8629962513
Endfield_Data/StreamingAssets/VFS/55FC21C6/7002D5F336EECD982A43B5A66C4678B8.chk,file,Deflated,2781740696,694268,710080,8630624966
Endfield_Data/StreamingAssets/VFS/55FC21C6/700C6C947B1A91E5ACFE40ADC7AFC1A6.chk,file,Deflated,2276430349,408944,420416,8631319343
Endfield_Data/StreamingAssets/VFS/55FC21C6/70F04B9FB7152BF3B7C2D72CEAFFCAA0.chk,file,Deflated,1417352906,664809,681920,8631728396
Endfield_Data/StreamingAssets/VFS/55FC21C6/70F9D01A30B43C78F8C3472F39122525.chk,file,Deflated,1656934661,488933,501120,8632393314
Endfield_Data/StreamingAssets/VFS/55FC21C6/712964807A6FA934FF4EE0D8135E14D9.chk,file,Deflated,1267752881,384296,394336,8632882356
Endfield_Data/StreamingAssets/VFS/55FC21C6/72164BF21CA01D91194CD0A46710835B.chk,file,Deflated,679749401,1129930,1155200,8633266761
Endfield_Data/StreamingAssets/VFS/55FC21C6/7258F759DE10FAF3453140DB6CB4F68B.chk,file,Deflated,3420532604,741854,757184,8634396800
Endfield_Data/StreamingAssets/VFS/55FC21C6/7292BE936A3B9453BAFB93F9C6C8EE06.chk,file,Deflated,263067712,593093,606656,8635138763
Endfield_Data/StreamingAssets/VFS/55FC21C6/72C57EE2588C2B0151735313DAF82682.chk,file,Deflated,589907364,299862,308576,8635731965
Endfield_Data/StreamingAssets/VFS/55FC21C6/730DCBD9ABB2D7830BD259D473DAF9FB.chk,file,Deflated,3754203040,324272,332640,8636031936
Endfield_Data/StreamingAssets/VFS/55FC21C6/7396332034D9365B732E32F985182C4A.chk,file,Deflated,2866310213,16605951,16634144,8636356317
Endfield_Data/StreamingAssets/VFS/55FC21C6/7485D2A213413E1D1FF4E483DCCB16E4.chk,file,Deflated,1198595003,78355554,78411968,8652962377
Endfield_Data/StreamingAssets/VFS/55FC21C6/74ADFBE89D8E9AD15EE5FDC671F0CDEE.chk,file,Deflated,3717815825,1122225,1144064,8731318040
Endfield_Data/StreamingAssets/VFS/55FC21C6/74FF628063516817DC8CF94A87D00447.chk,file,Deflated,178907426,608392,625472,8732440374
Endfield_Data/StreamingAssets/VFS/55FC21C6/753A7CB735010D5CD31BC4C376BDBC07.chk,file,Deflated,1535100189,540049,553472,8733048875
Endfield_Data/StreamingAssets/VFS/55FC21C6/754C29B7650F337A097BD947EB807BF4.chk,file,Deflated,1570240963,19485752,19502080,8733589033
Endfield_Data/StreamingAssets/VFS/55FC21C6/754F5F49497791B431B73D9C61AD3EE4.chk,file,Deflated,2947116435,522942,535904,8753074894
Endfield_Data/StreamingAssets/VFS/55FC21C6/75734DE1BE757FD65A9E7D3BAE8288BA.chk,file,Deflated,4081300392,981558,1002144,8753597945
Endfield_Data/StreamingAssets/VFS/55FC21C6/75AAC01BA1C8993058A8E68D8300B024.chk,file,Deflated,808946381,883014,903136,8754579612
Endfield_Data/StreamingAssets/VFS/55FC21C6/76ACA03AB16B49C4A1056487DFDBB858.chk,file,Deflated,3394922081,852490,872416,8755462735
Endfield_Data/StreamingAssets/VFS/55FC21C6/7716B9242BE3DCE1C8ACB4BAD4925B3C.chk,file,Deflated,3817804403,372011,382144,8756315334
Endfield_Data/StreamingAssets/VFS/55FC21C6/7721B1E57A8F946BC8E610E96431FF54.chk,file,Deflated,836968007,653057,668000,8756687454
Endfield_Data/StreamingAssets/VFS/55FC21C6/7762640AD4BAB548D1F97EE9890BE024.chk,file,Deflated,849517668,374873,387040,8757340620
Endfield_Data/StreamingAssets/VFS/55FC21C6/77AC8CFFFC2443116C4DAB439AC45449.chk,file,Deflated,1146673552,724005,739200,8757715602
Endfield_Data/StreamingAssets/VFS/55FC21C6/77C456475358A89277D11B1D63483FB1.chk,file,Deflated,4124426512,446920,457440,8758439716
Endfield_Data/StreamingAssets/VFS/55FC21C6/77F359B8A8322CCE0E6224AB36969315.chk,file,Deflated,4043619862,512394,525696,8758886745
Endfield_Data/StreamingAssets/VFS/55FC21C6/77FCF9F86AEB1AA95FA2047B4C9C08FB.chk,file,Deflated,3045706854,684496,702784,8759399248
Endfield_Data/StreamingAssets/VFS/55FC21C6/786C626D8066CCFBF777C0E8CCCCEE2B.chk,file,Deflated,906841582,795246,813632,8760083853
Endfield_Data/StreamingAssets/VFS/55FC21C6/78753314E7183E3813E58E94DA64AFFB.chk,file,Deflated,1561359560,347180,356928,8760879208
Endfield_Data/StreamingAssets/VFS/55FC21C6/78E21801D0D839165559E10CC2700396.chk,file,Deflated,4249525714,461612,475488,8761226497
Endfield_Data/StreamingAssets/VFS/55FC21C6/790B2EF7F383C39F77CB1E5596C4FA8C.chk,file,Deflated,3787397895,1015241,1037664,8761688218
Endfield_Data/StreamingAssets/VFS/55FC21C6/79C2EB5D37E6ACBC2B2C5FD0D11FDD0D.chk,file,Deflated,1678289192,1080972,1103744,8762703568
Endfield_Data/StreamingAssets/VFS/55FC21C6/79CCCA09D62A6ADABB0FA0D1031656B4.chk,file,Deflated,4221915000,1117636,1139552,8763784649
Endfield_Data/StreamingAssets/VFS/55FC21C6/7A193E20B44E93482087CE6374D86273.chk,file,Deflated,1302371639,565484,579040,8764902394
Endfield_Data/StreamingAssets/VFS/55FC21C6/7A52D676E80735D01C7869792BA20E3F.chk,file,Deflated,2806589846,569884,583328,8765467987
Endfield_Data/StreamingAssets/VFS/55FC21C6/7ABC52C2DCE1C17A9DA9039CF7E3EB1F.chk,file,Deflated,3001342791,575305,589472,8766037980
Endfield_Data/StreamingAssets/VFS/55FC21C6/7AFDAA4313C74F42214DC7C463209E72.chk,file,Deflated,3927230616,489223,503424,8766613394
Endfield_Data/StreamingAssets/VFS/55FC21C6/7C3A49A1ECAB9D6A7189FA3949B41BB7.chk,file,Deflated,3500186167,27495743,27528000,8767102726
Endfield_Data/StreamingAssets/VFS/55FC21C6/7C51735EC6A1CBFC0C8781F22CBF2AA8.chk,file,Deflated,1709690446,1022672,1044640,8794598578
Endfield_Data/StreamingAssets/VFS/55FC21C6/7C5285F9E97407C28F4F76C308C9C4B9.chk,file,Deflated,158288010,515633,529024,8795621359
Endfield_Data/StreamingAssets/VFS/55FC21C6/7CAE1363418A5F2F4F1B93AB3B1F6745.chk,file,Deflated,1026753822,30185755,30251488,8796137101
Endfield_Data/StreamingAssets/VFS/55FC21C6/7D55264E29721EFF3EBC859E5C1B19F5.chk,file,Deflated,180875577,606792,622400,8826322965
Endfield_Data/StreamingAssets/VFS/55FC21C6/7D9BA95749BBB24CA56737157C546819.chk,file,Deflated,1943359707,365980,375264,8826929866
Endfield_Data/StreamingAssets/VFS/55FC21C6/7DD6025014668A32B67FC966FACB28B9.chk,file,Deflated,360061267,30790543,30817472,8827295955
Endfield_Data/StreamingAssets/VFS/55FC21C6/7E30809844EF7C82034EBCC6C809036A.chk,file,Deflated,4247203867,300171,308672,8858086607
Endfield_Data/StreamingAssets/VFS/55FC21C6/7E6B7B1438C84015CFFA1D2F5154A95E.chk,file,Deflated,1493895594,820908,840224,8858386887
Endfield_Data/StreamingAssets/VFS/55FC21C6/7F37EB0F81FE1FB5E40CBA80A67F8DFD.chk,file,Deflated,1114324752,359802,367296,8859207904
Endfield_Data/StreamingAssets/VFS/55FC21C6/7F87050406FE57E92B6F22D5B7A7B736.chk,file,Deflated,900153916,907673,925792,8859567815
Endfield_Data/StreamingAssets/VFS/55FC21C6/7FB05C0814263DE2CA5AC4F2CB18D600.chk,file,Deflated,1892925372,934665,954976,8860475597
Endfield_Data/StreamingAssets/VFS/55FC21C6/7FDD671D0C7DED3869B3C5C7A093E42E.chk,file,Deflated,3975448626,944860,967040,8861410371
Endfield_Data/StreamingAssets/VFS/55FC21C6/805FA35ABC91843E06D6B4674628F11D.chk,file,Deflated,2353985153,305408,314272,8862355340
Endfield_Data/StreamingAssets/VFS/55FC21C6/8097B4631B85A46F14769E97D378561A.chk,file,Deflated,3345920538,857503,878336,8862660857
Endfield_Data/StreamingAssets/VFS/55FC21C6/80D75F22920A8AA9CD0145E327A434A2.chk,file,Deflated,2736054284,775096,793824,8863518469
Endfield_Data/StreamingAssets/VFS/55FC21C6/80EB46F59235E44E7C110FFDE4326F85.chk,file,Deflated,3436202575,1190997,1212544,8864293674
Endfield_Data/StreamingAssets/VFS/55FC21C6/80F8E688AAFB6D3CEDE521A99725085C.chk,file,Deflated,3482454212,1376478,1403904,8865484780
Endfield_Data/StreamingAssets/VFS/55FC21C6/8107606ED5001CB6DA98E75E5BA12860.chk,file,Deflated,2800029333,6417440,6425824,8866861367
Endfield_Data/StreamingAssets/VFS/55FC21C6/815F53DD4AD6800EE739DC173003A327.chk,file,Deflated,1457570379,623792,640928,8873278916
Endfield_Data/StreamingAssets/VFS/55FC21C6/8164C198AC8AA795D7719BBEAB5E70CC.chk,file,Deflated,4248208363,1093897,1116960,8873902817
Endfield_Data/StreamingAssets/VFS/55FC21C6/82A8A2E35CFA273B0175A47D8E8536AE.chk,file,Deflated,3586423710,356067,365728,8874996823
Endfield_Data/StreamingAssets/VFS/55FC21C6/82CFE8DDB9CECD3995970BACFD88A330.chk,file,Deflated,734733334,838493,856448,8875352999
Endfield_Data/StreamingAssets/VFS/55FC21C6/832E81A658838D632D42BE59078598F0.chk,file,Deflated,4028946434,1073997,1098272,8876191601
Endfield_Data/StreamingAssets/VFS/55FC21C6/83B0CF6F148BD73197D297006E0436AB.chk,file,Stored,2642461330,180692512,180692512,8877265707
Endfield_Data/StreamingAssets/VFS/55FC21C6/83F787018EEE7DA272BD4917FD982D55.chk,file,Deflated,457895000,1276187,1304512,9057958328
Endfield_Data/StreamingAssets/VFS/55FC21C6/847FCA91BC803AA7440EE04DB16E8F72.chk,file,Deflated,1550648910,664210,678688,9059234624
Endfield_Data/StreamingAssets/VFS/55FC21C6/851758EE889528FC4CA908514E6CD8B3.chk,file,Deflated,3926904540,699837,714816,9059898943
Endfield_Data/StreamingAssets/VFS/55FC21C6/8553551BE87F1EFDEF06C04CA6E87211.chk,file,Deflated,747383632,418213,429184,9060598889
Endfield_Data/StreamingAssets/VFS/55FC21C6/85D683D89BB6E72B0BA993E1EBF664A0.chk,file,Deflated,110620843,1099135,1123200,9061017211
Endfield_Data/StreamingAssets/VFS/55FC21C6/86F221C46CFEE5AB9859CAB12009FE5B.chk,file,Deflated,1983578330,713861,728672,9062116455
Endfield_Data/StreamingAssets/VFS/55FC21C6/86FF6E751864D75664A2F1EF26A55D5C.chk,file,Stored,1444322797,21233952,21233952,9062830425
Endfield_Data/StreamingAssets/VFS/55FC21C6/870A28041420FF68061296188DA55CF0.chk,file,Deflated,1463952962,858156,879328,9084064486
Endfield_Data/StreamingAssets/VFS/55FC21C6/890E4BCCDC5C0F50DB6B3FE3E105D1CF.chk,file,Deflated,4153002568,713482,731680,9084922751
Endfield_Data/StreamingAssets/VFS/55FC21C6/892441953755D4FDFB0267A7C2004CA1.chk,file,Deflated,1701928976,1901527,1936960,9085636342
Endfield_Data/StreamingAssets/VFS/55FC21C6/89662399BB76A5F28B2E94C53473E164.chk,file,Deflated,1665728501,547903,560608,9087537978
Endfield_Data/StreamingAssets/VFS/55FC21C6/8A74574FA1C87D913C78591A23B0E739.chk,file,Deflated,3831879679,56058204,56108704,9088085990
Endfield_Data/StreamingAssets/VFS/55FC21C6/8ACAE2CA3B42FB283C123F162F0E99ED.chk,file,Deflated,567762288,916517,935840,9144144303
Endfield_Data/StreamingAssets/VFS/55FC21C6/8B27C07FB675739B4B09ED102B651D71.chk,file,Deflated,1096655117,821246,840000,9145060929
Endfield_Data/StreamingAssets/VFS/55FC21C6/8B456E8A844ED66828CA5AC8C8DABE33.chk,file,Deflated,2568366875,878484,899648,9145882284
Endfield_Data/StreamingAssets/VFS/55FC21C6/8BEEE28E42670ED13A116D5282AFA1B5.chk,file,Deflated,3692597219,874349,898048,9146760877
Endfield_Data/StreamingAssets/VFS/55FC21C6/8C347DE087DF76C96DE39B0BDB3BD750.chk,file,Deflated,1862354617,1027724,1049120,9147635335
Endfield_Data/StreamingAssets/VFS/55FC21C6/8C8CF57F463AED3B9C351414A8BED93D.chk,file,Deflated,4151481848,1037703,1057760,9148663168
Endfield_Data/StreamingAssets/VFS/55FC21C6/8DA455553AE9AA25C5E79230F907FE92.chk,file,Deflated,375451392,103854563,103922624,9149700980
Endfield_Data/StreamingAssets/VFS/55FC21C6/8E5520121B654BB512796DB1FE30DE37.chk,file,Deflated,2739402803,611330,627264,9253555652
Endfield_Data/StreamingAssets/VFS/55FC21C6/8EF83A50354D47B4E86C2C299D684751.chk,file,Deflated,3348522032,1235172,1257696,9254167091
Endfield_Data/StreamingAssets/VFS/55FC21C6/8F3F0A632C81EA0D970F81DF8A952EA0.chk,file,Deflated,86502781,140445,148032,9255402372
Endfield_Data/StreamingAssets/VFS/55FC21C6/8F68537BD0A8A5641F9C76A2C35B2E23.chk,file,Deflated,3139815584,793520,811168,9255542926
Endfield_Data/StreamingAssets/VFS/55FC21C6/9085549E76C7D1AB0058FA6E5D6B0D7D.chk,file,Deflated,3160556617,1144665,1166816,9256336555
Endfield_Data/StreamingAssets/VFS/55FC21C6/90A664B946E68071727A566ABA0FE5DB.chk,file,Deflated,3804939327,644956,660608,9257481329
Endfield_Data/StreamingAssets/VFS/55FC21C6/90BBF60A7FAA80C4D0D939259D0464BE.chk,file,Deflated,356807017,825921,843040,9258126394
Endfield_Data/StreamingAssets/VFS/55FC21C6/90CBA2712DC2765233BCCBE27F71C445.chk,file,Deflated,2193263890,1057230,1077984,9258952424
Endfield_Data/StreamingAssets/VFS/55FC21C6/9116806E5A2EF7B9E5CBCE988E66167D.chk,file,Deflated,332496143,848328,867968,9260009763
Endfield_Data/StreamingAssets/VFS/55FC21C6/917A5A056D4D47A86B579181D82F980C.chk,file,Deflated,2326420042,779020,795424,9260858200
Endfield_Data/StreamingAssets/VFS/55FC21C6/91DC561CD16B1F0D82AF8555FF31750D.chk,file,Deflated,900901722,103953846,104024960,9261637329
Endfield_Data/StreamingAssets/VFS/55FC21C6/9361C621D0FEA6D20A6656B941731906.chk,file,Deflated,2587832012,635754,651488,9365591284
Endfield_Data/StreamingAssets/VFS/55FC21C6/939E7567FD9E5508F8B8A5BB3F24D021.chk,file,Deflated,3856974164,735900,750752,9366227147
Endfield_Data/StreamingAssets/VFS/55FC21C6/944ED10ABEB7AD14604AB6E281A40E82.chk,file,Deflated,461527984,501576,514304,9366963156
Endfield_Data/StreamingAssets/VFS/55FC21C6/95097F588887E854490DA298862682C2.chk,file,Deflated,3947746575,507052,519168,9367464841
Endfield_Data/StreamingAssets/VFS/55FC21C6/9528A5EFDE81EAF880E70612CD8BD1D8.chk,file,Deflated,3147138103,645388,660544,9367972002
Endfield_Data/StreamingAssets/VFS/55FC21C6/959BEAEE237864EEF49493A40E6E5888.chk,file,Deflated,4110572447,1568060,1598400,9368617499
Endfield_Data/StreamingAssets/VFS/55FC21C6/9628976AC464F31FA6A774BCB3BAA847.chk,file,Deflated,3491605388,509539,521984,9370185668
Endfield_Data/StreamingAssets/VFS/55FC21C6/965FAC3A1BE2444710739FFC5A8CFB69.chk,file,Deflated,3476159704,1819790,1853792,9370695316
Endfield_Data/StreamingAssets/VFS/55FC21C6/96E26B924797CCD85EB758B4A3663713.chk,file,Deflated,3179176160,819744,838976,9372515215
Endfield_Data/StreamingAssets/VFS/55FC21C6/975D16D80EC13ACF4C67513CD5643334.chk,file,Deflated,3774010101,1202526,1224384,9373335068
Endfield_Data/StreamingAssets/VFS/55FC21C6/97AE5792C51F65740B81F1BCA56AA8D1.chk,file,Deflated,2756398773,951229,972416,9374537703
Endfield_Data/StreamingAssets/VFS/55FC21C6/9881D9BC72D8B93586299453C731857E.chk,file,Deflated,2602570803,41458419,41476992,9375489041
Endfield_Data/StreamingAssets/VFS/55FC21C6/99073ECB73F49C714B09AE630A249452.chk,file,Deflated,2512869637,571391,586688,9416947569
Endfield_Data/StreamingAssets/VFS/55FC21C6/9945BAEC990A381670590C8FD367F9E3.chk,file,Deflated,4225969319,335438,344320,9417519069
Endfield_Data/StreamingAssets/VFS/55FC21C6/9A3145591F2E76FFF0E411243DDA355D.chk,file,Stored,1557403010,90460096,90460096,9417854616
Endfield_Data/StreamingAssets/VFS/55FC21C6/9A5708448A83CBDEA0886F6C4C8028D4.chk,file,Deflated,1470768578,693734,709312,9508314821
Endfield_Data/StreamingAssets/VFS/55FC21C6/9AE903785799DF63E8B91FB17120E98F.chk,file,Deflated,3365211330,562995,577184,9509008664
Endfield_Data/StreamingAssets/VFS/55FC21C6/9B1340BCF2EFB8B687904780436D9F52.chk,file,Deflated,3261650726,742081,758368,9509571768
Endfield_Data/StreamingAssets/VFS/55FC21C6/9BBF76355534FF7E737E8C01FFD74146.chk,file,Stored,1258710314,105750496,105750496,9510313958
Endfield_Data/StreamingAssets/VFS/55FC21C6/9C20F0834D13D787B88BB2A6C81118C0.chk,file,Deflated,2795306834,7988562,8001056,9616064563
Endfield_Data/StreamingAssets/VFS/55FC21C6/9C4642E49B872B9CE2314A66DF22C175.chk,file,Deflated,1902981118,562995,577184,9624053234
Endfield_Data/StreamingAssets/VFS/55FC21C6/9C5740C9B304B060063ACE46B2EF7893.chk,file,Deflated,873879816,842497,860512,9624616338
Endfield_Data/StreamingAssets/VFS/55FC21C6/9C9C062BCE943CDA3244B3604638C997.chk,file,Stored,3716803242,92816832,92816832,9625458944
Endfield_Data/StreamingAssets/VFS/55FC21C6/9C9DF1B4D116609664D52788A43E3F31.chk,file,Deflated,185162865,1196567,1220192,9718275885
Endfield_Data/StreamingAssets/VFS/55FC21C6/9CE5C8E49FB11036683469FC5837D0C9.chk,file,Deflated,2960830444,419908,428224,9719472561
Endfield_Data/StreamingAssets/VFS/55FC21C6/9D24FA1CB168AA30020F0EA0F43DBAD8.chk,file,Deflated,2236760853,700814,718624,9719892578
Endfield_Data/StreamingAssets/VFS/55FC21C6/9DA79C6384206A0E59A6EB552186E47D.chk,file,Deflated,3039981724,30141988,30207360,9720593501
Endfield_Data/StreamingAssets/VFS/55FC21C6/9E0C1EB4A5B35B5DDC7A0F0F7DC3F33B.chk,file,Deflated,931931722,1141832,1165664,9750735598
Endfield_Data/StreamingAssets/VFS/55FC21C6/9E2092E5207C7F637EB05F5BCC0C1E5B.chk,file,Deflated,3552949011,1068978,1090432,9751877539
Endfield_Data/StreamingAssets/VFS/55FC21C6/9F1CFC4EEBBCB39993D5BE9F75D7D0B5.chk,file,Deflated,435057704,737179,756928,9752946626
Endfield_Data/StreamingAssets/VFS/55FC21C6/A02B6317E31344400D1E31728EA116F6.chk,file,Deflated,2338786997,935924,955072,9753683914
Endfield_Data/StreamingAssets/VFS/55FC21C6/A06423C96809589562ACB416D7FE98BE.chk,file,Deflated,698314737,13419505,13429632,9754619947
Endfield_Data/StreamingAssets/VFS/55FC21C6/A0B2103D3BA1190F72381E543D938A1E.chk,file,Deflated,1826487183,417820,429888,9768039561
Endfield_Data/StreamingAssets/VFS/55FC21C6/A1717E4A84727B0EAED9D321E5E88C63.chk,file,Deflated,509881675,7887242,7895392,9768457490
Endfield_Data/StreamingAssets/VFS/55FC21C6/A1CCC2FF2228EA308A480B59F31E6CDE.chk,file,Deflated,3273872874,1093907,1116960,9776344841
Endfield_Data/StreamingAssets/VFS/55FC21C6/A22CDEDD29DCD709830FA8DC6658E89C.chk,file,Deflated,2977752875,1164871,1190784,9777438857
Endfield_Data/StreamingAssets/VFS/55FC21C6/A2580C033F2FA54767B2DD05E68DB19C.chk,file,Deflated,3721776334,21108805,21138208,9778603837
Endfield_Data/StreamingAssets/VFS/55FC21C6/A271B9985E5D01798600EFD022037DFE.chk,file,Deflated,826048787,556591,571264,9799712751
Endfield_Data/StreamingAssets/VFS/55FC21C6/A2785235777E83673D209401E802358C.chk,file,Deflated,1001241927,1175911,1200512,9800269451
Endfield_Data/StreamingAssets/VFS/55FC21C6/A2B426C9DC0E89BE83FCEA31DA784B25.chk,file,Deflated,20007236,483284,497184,9801445471
Endfield_Data/StreamingAssets/VFS/55FC21C6/A2C40248F25DB98B5D8EDDF1B485398E.chk,file,Deflated,2784907714,437428,447296,9801928864
Endfield_Data/StreamingAssets/VFS/55FC21C6/A32E64CBBFD59FB08DF60B5CA5324FCE.chk,file,Deflated,3089883129,554360,567200,9802366401
Endfield_Data/StreamingAssets/VFS/55FC21C6/A5017F875126EE51357F22899D09193C.chk,file,Deflated,2546228143,1154622,1175616,9802920870
Endfield_Data/StreamingAssets/VFS/55FC21C6/A515D08FC19320C119BD67EE2FA46A00.chk,file,Deflated,107430428,545979,562432,9804075601
Endfield_Data/StreamingAssets/VFS/55FC21C6/A5B412111012CFB245A8D2027FD74F89.chk,file,Deflated,438955998,13044201,13053984,9804621689
Endfield_Data/StreamingAssets/VFS/55FC21C6/A789B8CB950E46F7CB271ACD06B9911C.chk,file,Deflated,1835451899,551837,562848,9817665999
Endfield_Data/StreamingAssets/VFS/55FC21C6/A8034086993F4EBAC535473FD1F4BCAE.chk,file,Deflated,1730042599,1007471,1028736,9818217945
Endfield_Data/StreamingAssets/VFS/55FC21C6/A8047F61EFCA01B4B76A745C24BBB36C.chk,file,Deflated,817779434,568112,582848,9819225525
Endfield_Data/StreamingAssets/VFS/55FC21C6/A806D8890709E3E8228D1F3C39D792D2.chk,file,Deflated,3657914554,958133,977632,9819793746
Endfield_Data/StreamingAssets/VFS/55FC21C6/A826727BC428A19B521D638D55A63A07.chk,file,Deflated,3071651493,1093907,1116960,9820751988
Endfield_Data/StreamingAssets/VFS/55FC21C6/A9662A0FB056576C78FFC1BFD81DBD36.chk,file,Deflated,990797286,324269,332640,9821846004
Endfield_Data/StreamingAssets/VFS/55FC21C6/A9B8771CA9E9C389391BDC2671A6580A.chk,file,Deflated,881689742,924981,947872,9822170382
Endfield_Data/StreamingAssets/VFS/55FC21C6/AA098A145AC468CF396F834EF56DFE6D.chk,file,Deflated,636765485,418880,430400,9823095472
Endfield_Data/StreamingAssets/VFS/55FC21C6/AA38331DEA6C311F802074EBAC8A5D63.chk,file,Deflated,907743665,614917,629888,9823514461
Endfield_Data/StreamingAssets/VFS/55FC21C6/AA4CD9B82521CC749BA5B251D5A62919.chk,file,Deflated,1406440867,753429,769760,9824129487
Endfield_Data/StreamingAssets/VFS/55FC21C6/AA5C125B4509532A33197C38E83BF2B6.chk,file,Deflated,2155495697,535357,549440,9824883025
Endfield_Data/StreamingAssets/VFS/55FC21C6/AA62D5E1A7448152E323D10083387B74.chk,file,Deflated,3861309321,265123,273056,9825418491
Endfield_Data/StreamingAssets/VFS/55FC21C6/AA69481273C7128AC6AC8D1280D48034.chk,file,Deflated,1088105612,222816723,223015904,9825683723
Endfield_Data/StreamingAssets/VFS/55FC21C6/AAF0BC6AB4173521DF7B2EED5A77D071.chk,file,Deflated,2766179258,643756,658048,10048500555
Endfield_Data/StreamingAssets/VFS/55FC21C6/AB9C8BB2CDFADEDD4A0FFA6A9179B645.chk,file,Deflated,2832596894,652907,668224,10049144420
Endfield_Data/StreamingAssets/VFS/55FC21C6/ABE108D0B64669C6567D8652E2071A1E.chk,file,Deflated,3829640496,955368,974688,10049797436
Endfield_Data/StreamingAssets/VFS/55FC21C6/AC24C6B0056C6EC21B6B189EFCF4440B.chk,file,Deflated,2251092398,95924250,95971008,10050752913
Endfield_Data/StreamingAssets/VFS/55FC21C6/AC953C471641A5AF50B276C1C5767E06.chk,file,Deflated,492373989,1000811,1023232,10146677272
Endfield_Data/StreamingAssets/VFS/55FC21C6/ACCC06F87D8CE20DFA79A707B5700CA2.chk,file,Deflated,27838759,1322300,1349440,10147678192
Endfield_Data/StreamingAssets/VFS/55FC21C6/ADAA7D24A25E4037D4FCF2D123A3D394.chk,file,Deflated,4108671720,813837,830368,10149000601
Endfield_Data/StreamingAssets/VFS/55FC21C6/AE2352319A3530302672589988245591.chk,file,Deflated,1042018822,59295343,59343552,10149814547
Endfield_Data/StreamingAssets/VFS/55FC21C6/AEC5EA4C9A714BD1ED00CC88ED6ACBBE.chk,file,Deflated,620235957,813104,830176,10209109999
Endfield_Data/StreamingAssets/VFS/55FC21C6/AECAF30E8126014945CF60D6A7DE5AF7.chk,file,Deflated,2475788461,535365,549440,10209923212
Endfield_Data/StreamingAssets/VFS/55FC21C6/AF2993E61877551FC5DCDDBCE97E465F.chk,file,Deflated,2643618006,1198387,1223392,10210458686
Endfield_Data/StreamingAssets/VFS/55FC21C6/AF957276DF937A2BC421ADE39A08E987.chk,file,Deflated,1386536203,1046396,1066624,10211657182
Endfield_Data/StreamingAssets/VFS/55FC21C6/B035283A2A167A4BB5B248AFDDC43112.chk,file,Deflated,586136152,554803,567072,10212703687
Endfield_Data/StreamingAssets/VFS/55FC21C6/B04014D99F5D86553B1CE9D9A7E9B199.chk,file,Deflated,2301217408,800147,819616,10213258599
Endfield_Data/StreamingAssets/VFS/55FC21C6/B0533BA1E997654E213358B10A2D629B.chk,file,Deflated,3154822327,1223429,1247520,10214058855
Endfield_Data/StreamingAssets/VFS/55FC21C6/B0D4F276C4D733CCF9BEFFCA01403E5D.chk,file,Deflated,1205982042,1623528,1656224,10215282393
Endfield_Data/StreamingAssets/VFS/55FC21C6/B103BC92629A9D34587E2F2058C3ADAB.chk,file,Deflated,1127978504,977771,998112,10216906030
Endfield_Data/StreamingAssets/VFS/55FC21C6/B12DE8BB8EB4532DBA91CF6451CDB112.chk,file,Deflated,3870128313,500243,513984,10217883910
Endfield_Data/StreamingAssets/VFS/55FC21C6/B147E721EB06F14D51B62D57219CD2C2.chk,file,Deflated,3587523238,267555,275456,10218384262
Endfield_Data/StreamingAssets/VFS/55FC21C6/B149F03BD6AF300D1C6607727F9662B2.chk,file,Deflated,2643024660,1270229,1293312,10218651926
Endfield_Data/StreamingAssets/VFS/55FC21C6/B14BD0681981EE8079D93DB1F910ECA8.chk,file,Deflated,2399650899,793520,811168,10219922264
Endfield_Data/StreamingAssets/VFS/55FC21C6/B19A24DEC3120A4CB91D0EFEABA109FF.chk,file,Deflated,3133559537,737182,756928,10220715893
Endfield_Data/StreamingAssets/VFS/55FC21C6/B377A4668B9025FDFE892DA4239F0276.chk,file,Deflated,405254358,567443,581760,10221453184
Endfield_Data/StreamingAssets/VFS/55FC21C6/B396F3739A60BA804049258778F9A003.chk,file,Deflated,1739865115,562989,577184,10222020736
Endfield_Data/StreamingAssets/VFS/55FC21C6/B3ADA8DEAC86BFC42D92FB798FD8E0EB.chk,file,Deflated,3067269406,1190999,1212544,10222583834
Endfield_Data/StreamingAssets/VFS/55FC21C6/B47C7EEC9DDF32A8D30536A19D6F0563.chk,file,Deflated,859178290,843841,863392,10223774942
Endfield_Data/StreamingAssets/VFS/55FC21C6/B4E91228624A694D210560DFAA72E655.chk,file,Deflated,1223105746,350122,362240,10224618892
Endfield_Data/StreamingAssets/VFS/55FC21C6/B4F8E1F01B76F76BD6CBAA6FAAC54FFA.chk,file,Deflated,2627181578,980506,1000768,10224969123
Endfield_Data/StreamingAssets/VFS/55FC21C6/B521A051500460182A622140E2962ED9.chk,file,Deflated,2371472420,523097,536160,10225949738
Endfield_Data/StreamingAssets/VFS/55FC21C6/B60F4D9BB04265E36E7B469E1BB3F4D4.chk,file,Deflated,10263370,11340629,11358592,10226472944
Endfield_Data/StreamingAssets/VFS/55FC21C6/B63DF48335A0414D4CDB3346D223633E.chk,file,Deflated,1438203602,1246243,1275744,10237813682
Endfield_Data/StreamingAssets/VFS/55FC21C6/B75ED6E929533A9E4A5EA07F68616C7A.chk,file,Deflated,55168583,1011703,1033120,10239060034
Endfield_Data/StreamingAssets/VFS/55FC21C6/B8014A3FCFE0DD48203FD43AF0807854.chk,file,Deflated,1561309859,1088539,1112096,10240071846
Endfield_Data/StreamingAssets/VFS/55FC21C6/B869122A5E2222F1BB899CF910037EC7.chk,file,Deflated,1393973146,539174,550688,10241160494
Endfield_Data/StreamingAssets/VFS/55FC21C6/B8D78F7D9FA8A1AE21110DF3455D1605.chk,file,Deflated,4045739691,688307,705984,10241699777
Endfield_Data/StreamingAssets/VFS/55FC21C6/B93DEF01AF8DFB064AD273730CF9629C.chk,file,Deflated,2148325928,124044342,124143232,10242388193
Endfield_Data/StreamingAssets/VFS/55FC21C6/B99986E9822DA0CCC6D0A7B92A4B5502.chk,file,Deflated,1767374603,1026240,1047776,10366432644
Endfield_Data/StreamingAssets/VFS/55FC21C6/B9AED3EBDE53C8E32C446839A1E656C9.chk,file,Deflated,2121360214,530707,543456,10367458993
Endfield_Data/StreamingAssets/VFS/55FC21C6/B9C8E39200320F86F0C012BFD54D19D8.chk,file,Deflated,208383678,338432,349632,10367989809
Endfield_Data/StreamingAssets/VFS/55FC21C6/BA41F36CF408D3575758C710BC89A631.chk,file,Deflated,4067427016,463264,476352,10368328350
Endfield_Data/StreamingAssets/VFS/55FC21C6/BAB4F928FDBB94BD712C1E224197117F.chk,file,Deflated,4215302766,674239,689632,10368791723
Endfield_Data/StreamingAssets/VFS/55FC21C6/BB9243DAB3BC45090CCA4A2CCF8B7036.chk,file,Deflated,2821926027,104965398,105083424,10369466071
Endfield_Data/StreamingAssets/VFS/55FC21C6/BC75EB27F00DF038AE6EC5B8BCB0DAFD.chk,file,Deflated,2644737040,164633,173184,10474431578
Endfield_Data/StreamingAssets/VFS/55FC21C6/BCD1F916466DE4A0322964F7F637DAE7.chk,file,Deflated,2110106709,780531,798304,10474596320
Endfield_Data/StreamingAssets/VFS/55FC21C6/BCD78D28A78D946AEBDF1FD98F7C9297.chk,file,Deflated,1995212070,410175,422208,10475376960
Endfield_Data/StreamingAssets/VFS/55FC21C6/BD099B7A69BB35B92A73B98CF2424477.chk,file,Deflated,1224032853,413731,424256,10475787244
Endfield_Data/StreamingAssets/VFS/55FC21C6/BD4CF17DEBFC0BF043A0D118B356D402.chk,file,Deflated,707855065,30793745,30819776,10476201084
Endfield_Data/StreamingAssets/VFS/55FC21C6/BE5FE95E69AAC000561445A34A89A482.chk,file,Deflated,281596714,1051026,1072832,10506994938
Endfield_Data/StreamingAssets/VFS/55FC21C6/BEBABB5A2392D746715CF059348520DD.chk,file,Deflated,4081010822,312680,320160,10508046073
Endfield_Data/StreamingAssets/VFS/55FC21C6/BF0FC8BDACDE06F7D562FBE0BB78E2A1.chk,file,Deflated,958478878,1216958,1241664,10508358862
Endfield_Data/StreamingAssets/VFS/55FC21C6/BF405968A592915615BD808CCAFF977D.chk,file,Deflated,3200017047,776140,792736,10509575929
Endfield_Data/StreamingAssets/VFS/55FC21C6/BF5308E827658403B2AA7E63C90A1B60.chk,file,Deflated,928052670,1222604,1246112,10510352178
Endfield_Data/StreamingAssets/VFS/55FC21C6/BFC7D5029A21B97C17D13DB0A1CA6D49.chk,file,Deflated,1648701770,596077,608032,10511574891
Endfield_Data/StreamingAssets/VFS/55FC21C6/BFCBB77FE40B24908567FBEC82FA0FDD.chk,file,Deflated,1026610394,848986,866784,10512171077
Endfield_Data/StreamingAssets/VFS/55FC21C6/BFDBA0A37BA4659C977751F8693E534A.chk,file,Deflated,317113646,1044932,1066112,10513020172
Endfield_Data/StreamingAssets/VFS/55FC21C6/C03F3DF3A66D9DA264E62EB288F777B6.chk,file,Deflated,2432742162,516228,531264,10514065213
Endfield_Data/StreamingAssets/VFS/55FC21C6/C0441D4E8D95AD9448379C534E8E79FC.chk,file,Deflated,654245290,1965898,2002912,10514581550
Endfield_Data/StreamingAssets/VFS/55FC21C6/C14D4665B941F518B0722C6849283144.chk,file,Deflated,1328031435,3268485,3302976,10516547557
Endfield_Data/StreamingAssets/VFS/55FC21C6/C1809B9B7E3FD91A65E66BFD5E3A6D2E.chk,file,Deflated,3464804691,362674,373600,10519816151
Endfield_Data/StreamingAssets/VFS/55FC21C6/C1D63C654A32FB365F5CE51B5CA74E0F.chk,file,Deflated,593795813,842125,859968,10520178934
Endfield_Data/StreamingAssets/VFS/55FC21C6/C1E26FD00AE430C0EE703A2A7C332141.chk,file,Deflated,2715426541,332210,341056,10521021168
Endfield_Data/StreamingAssets/VFS/55FC21C6/C274AD8834EED105F014A09C7B8872C6.chk,file,Deflated,1998554238,534962,546496,10521353487
Endfield_Data/StreamingAssets/VFS/55FC21C6/C3D53B518309D91A44DDBE485CE24C06.chk,file,Deflated,2532667645,289564,300832,10521888558
Endfield_Data/StreamingAssets/VFS/55FC21C6/C422985C758759C35D58E957A5113D1D.chk,file,Deflated,2300448504,5835676,5844256,10522178231
Endfield_Data/StreamingAssets/VFS/55FC21C6/C4FF5D1684EE78149D289D2D4D60681E.chk,file,Deflated,2550863057,739189,755008,10528014016
Endfield_Data/StreamingAssets/VFS/55FC21C6/C52A658C19F911FC72BBEBAE602CC3B4.chk,file,Deflated,3163194842,750153,767072,10528753314
Endfield_Data/StreamingAssets/VFS/55FC21C6/C55A5BF29BA2B5F4D2BFA72BF8B79464.chk,file,Deflated,1976283673,471639,483552,10529503576
Endfield_Data/StreamingAssets/VFS/55FC21C6/C5654E0F29090BFCC49F721F0B9ED6D9.chk,file,Deflated,1567581429,985408,1008448,10529975324
Endfield_Data/StreamingAssets/VFS/55FC21C6/C567F8102D663AD5BAB7FE84AEA0FE1D.chk,file,Deflated,2864209781,890335,910496,10530960841
Endfield_Data/StreamingAssets/VFS/55FC21C6/C57E3CDDD10B4A8F28034593E81F5D57.chk,file,Deflated,1324295984,110429801,110505600,10531851285
Endfield_Data/StreamingAssets/VFS/55FC21C6/C5EC8816CBC41E109CF24C83EF15D81A.chk,file,Deflated,2054779422,623791,640928,10642281195
Endfield_Data/StreamingAssets/VFS/55FC21C6/C60EA361F781B95295D50C2152A88ECE.chk,file,Deflated,116941819,1222976,1247328,10642905095
Endfield_Data/StreamingAssets/VFS/55FC21C6/C6174B584D5ADCAD91AA4B83A108FE0A.chk,file,Deflated,1433993157,415265,428160,10644128180
Endfield_Data/StreamingAssets/VFS/55FC21C6/C66BF7205C3461D4A798ED5CE4194AFE.chk,file,Deflated,4267701854,747809,763712,10644543554
Endfield_Data/StreamingAssets/VFS/55FC21C6/C714B2E3458D2A5E22FB54DADFBB4A81.chk,file,Deflated,3270616018,459608,472096,10645291472
Endfield_Data/StreamingAssets/VFS/55FC21C6/C744FF354639DE6552D0101974C948FB.chk,file,Deflated,774318002,1154632,1175616,10645751189
Endfield_Data/StreamingAssets/VFS/55FC21C6/C81E946BD1401EB7AFC3D7A0FB620C50.chk,file,Deflated,1331512507,643426,658496,10646905930
Endfield_Data/StreamingAssets/VFS/55FC21C6/C85D3B29A8C51785DA1A6F56258E11B2.chk,file,Deflated,1055562323,124064777,124167392,10647549465
Endfield_Data/StreamingAssets/VFS/55FC21C6/C91FACD0BD9238D491AA7E2F72D7CB3F.chk,file,Deflated,1162745964,468610,482048,10771614351
Endfield_Data/StreamingAssets/VFS/55FC21C6/C9C89B52EE10CDBEEA63147FC600F4D3.chk,file,Deflated,3965808667,546379,560640,10772083070
Endfield_Data/StreamingAssets/VFS/55FC21C6/C9F44B5000AB6641AB1241F11BDD0106.chk,file,Deflated,4243634867,999525,1020448,10772629558
Endfield_Data/StreamingAssets/VFS/55FC21C6/CA8A91C1CC2477235430094EF1C30750.chk,file,Deflated,3195376399,451773,461760,10773629192
Endfield_Data/StreamingAssets/VFS/55FC21C6/CAA121F5D548F87A785712AE1C53C753.chk,file,Deflated,500878572,688307,705984,10774081074
Endfield_Data/StreamingAssets/VFS/55FC21C6/CAC6D901189561F533AD3029844C67F1.chk,file,Deflated,471706286,368062,377440,10774769490
Endfield_Data/StreamingAssets/VFS/55FC21C6/CB129C023B1274CA7B08C02DADE02577.chk,file,Deflated,4008438023,1079690,1102592,10775137661
Endfield_Data/StreamingAssets/VFS/55FC21C6/CB3B0D1D6DE20D8066DDA3303E16C224.chk,file,Deflated,1953874435,113001714,113054624,10776217460
Endfield_Data/StreamingAssets/VFS/55FC21C6/CBC56E179EF93E0E4461B8DD0F2104BE.chk,file,Deflated,3523107884,836851,854240,10889219283
Endfield_Data/StreamingAssets/VFS/55FC21C6/CBC8A5011F6F404AC897FFEC3B6868E4.chk,file,Deflated,2169203011,719683,734432,10890056243
Endfield_Data/StreamingAssets/VFS/55FC21C6/CC04EE7077527515B1177F837DBBF7E0.chk,file,Deflated,3968607403,175359,181024,10890776035
Endfield_Data/StreamingAssets/VFS/55FC21C6/CC29B282D59D771E7E1B3EA5B8A19ED1.chk,file,Deflated,979098524,863710,882400,10890951503
Endfield_Data/StreamingAssets/VFS/55FC21C6/CC46112707AA1852E0031FD89FF4A66F.chk,file,Deflated,3751930662,717993,734304,10891815322
Endfield_Data/StreamingAssets/VFS/55FC21C6/CCC88AE0D3FB861E38EFE756919E0182.chk,file,Deflated,566001997,820912,840224,10892533424
Endfield_Data/StreamingAssets/VFS/55FC21C6/CCDACD736005526440EC144E8B81B922.chk,file,Deflated,2904393038,551096,564032,10893354445
Endfield_Data/StreamingAssets/VFS/55FC21C6/CCDC5CB3A5D758548BCD4655A004E0F4.chk,file,Deflated,3613456558,607603,621920,10893905650
Endfield_Data/StreamingAssets/VFS/55FC21C6/CDD242C529383403028959DD75BC97F0.chk,file,Stored,2030172146,122863904,122863904,10894513362
Endfield_Data/StreamingAssets/VFS/55FC21C6/CE12A6A4A3A0C34E3971DDBDA58BA2EC.chk,file,Deflated,1356042,597728,614784,11017377375
Endfield_Data/StreamingAssets/VFS/55FC21C6/CEA29156888F575F923544C7FE186B36.chk,file,Deflated,769265542,648975,664448,11017975212
Endfield_Data/StreamingAssets/VFS/55FC21C6/CF378491CC81053A60B8F0CBB5A90E8A.chk,file,Deflated,3622451890,19910636,19952096,11018624296
Endfield_Data/StreamingAssets/VFS/55FC21C6/CF581E517A90A7E0D1E8A289552B6D12.chk,file,Deflated,2252972034,1107835,1132704,11038535041
Endfield_Data/StreamingAssets/VFS/55FC21C6/CFA3091ED3EE9C11F9A83F6D0D7ADADF.chk,file,Deflated,3460192607,45986777,46051552,11039642985
Endfield_Data/StreamingAssets/VFS/55FC21C6/CFCC0A4A498CAAA172F9635127B44C2B.chk,file,Deflated,2984055868,2586990,2633888,11085629871
Endfield_Data/StreamingAssets/VFS/55FC21C6/CFFA7A22E55F76AAD78EEE0B208A9DC4.chk,file,Deflated,2012242038,30431951,30460800,11088216970
Endfield_Data/StreamingAssets/VFS/55FC21C6/D022D7B3C6D24B927FC19780FFA3F9A3.chk,file,Deflated,2172293481,787237,803744,11118649030
Endfield_Data/StreamingAssets/VFS/55FC21C6/D080CCF763B5E8AD5470A3DB0BA8AD97.chk,file,Deflated,2076261268,1105388,1127808,11119436376
Endfield_Data/StreamingAssets/VFS/55FC21C6/D0B35376E3A74141871859C9C1ECA9C2.chk,file,Deflated,3762889968,546942,561440,11120541873
Endfield_Data/StreamingAssets/VFS/55FC21C6/D126F75F51CC2F677C8AE4F0C9BCF7C3.chk,file,Deflated,3459503670,758249,777696,11121088924
Endfield_Data/StreamingAssets/VFS/55FC21C6/D1CCF971EBB653C6C6BE4CEB9414114A.chk,file,Deflated,222638739,840737,859008,11121847282
Endfield_Data/StreamingAssets/VFS/55FC21C6/D2735845EA06BBB069F8F99E1F84993C.chk,file,Deflated,2299289750,53539930,53562912,11122688128
Endfield_Data/StreamingAssets/VFS/55FC21C6/D27D7FDF05D4E7076683CCAE5ACB9033.chk,file,Deflated,3219716574,1163064,1186944,11176228167
Endfield_Data/StreamingAssets/VFS/55FC21C6/D2E91C00FF3B66423E11983F8BAAD2A2.chk,file,Deflated,144170253,90875104,90877280,11177391340
Endfield_Data/StreamingAssets/VFS/55FC21C6/D3A012C67D34DC25675F43E4A8CFA105.chk,file,Deflated,561645429,717999,734304,11268266553
Endfield_Data/StreamingAssets/VFS/55FC21C6/D4722143BCCAB399AF11BB6AE0F6F764.chk,file,Deflated,1717544317,777146,795616,11268984661
Endfield_Data/StreamingAssets/VFS/55FC21C6/D54BAB0597FAF2367B915CA845F5F208.chk,file,Deflated,702711443,367390,378368,11269761916
Endfield_Data/StreamingAssets/VFS/55FC21C6/D580CB77B3F34A0F2AB259779F0DC465.chk,file,Deflated,131206886,847325,864768,11270129415
Endfield_Data/StreamingAssets/VFS/55FC21C6/D5FA968E6CD1E8D75663A8EEC0F1336B.chk,file,Deflated,1706486334,1107226,1129792,11270976849
Endfield_Data/StreamingAssets/VFS/55FC21C6/D6AFF0CAD0E16C1928089DA27BA4BE55.chk,file,Deflated,3414662472,743284,765280,11272084184
Endfield_Data/StreamingAssets/VFS/55FC21C6/D70A9D43F43DE3AAE1872392201928F3.chk,file,Deflated,2062022050,862024,881248,11272827577
Endfield_Data/StreamingAssets/VFS/55FC21C6/D753ED49545E412990C3ADC2422A36E0.chk,file,Deflated,2263278512,397999,410432,11273689710
Endfield_Data/StreamingAssets/VFS/55FC21C6/D75A0E7A89DEAE2956BABF524302B6D2.chk,file,Deflated,2737929481,98537,103872,11274087818
Endfield_Data/StreamingAssets/VFS/55FC21C6/D7FFB6F1D5DE12A887FFD19E6DB632E0.chk,file,Deflated,2739202397,7360431,7365024,11274186464
Endfield_Data/StreamingAssets/VFS/55FC21C6/D93F02619CF69FC8B062856778D79768.chk,file,Deflated,960523960,76178958,76276352,11281547004
Endfield_Data/StreamingAssets/VFS/55FC21C6/DA980259BBC8872A5E0D64C0FC88FC5E.chk,file,Deflated,1595244575,376888,389152,11357726071
Endfield_Data/StreamingAssets/VFS/55FC21C6/DB179073909B3EA052CF0B38C89BF5FD.chk,file,Deflated,3828298238,670886,688480,11358103068
Endfield_Data/StreamingAssets/VFS/55FC21C6/DB267DCA543CB97983A2402C4754A5D4.chk,file,Deflated,1598411013,913460,932544,11358774063
Endfield_Data/StreamingAssets/VFS/55FC21C6/DB7811B7BF254B686FEFCE927E916CA4.chk,file,Deflated,3282381619,552194,565920,11359687632
Endfield_Data/StreamingAssets/VFS/55FC21C6/DBE1C94FADE465CDF8FA58919E1FEBD4.chk,file,Deflated,4117790396,569286,583744,11360239935
Endfield_Data/StreamingAssets/VFS/55FC21C6/DBF9E5A03FFCAECD6C70E2333B102BC8.chk,file,Deflated,3141512024,492705,504064,11360809330
Endfield_Data/StreamingAssets/VFS/55FC21C6/DC7C396FB853329EDAA02138DE6E3CF6.chk,file,Deflated,618518746,368427,378464,11361302144
Endfield_Data/StreamingAssets/VFS/55FC21C6/DC964816258B3D41DDA3A4C4A1730A18.chk,file,Deflated,959787111,518437,533856,11361670680
Endfield_Data/StreamingAssets/VFS/55FC21C6/DCD886E9B6AAE73D516B71884919F74C.chk,file,Deflated,478365992,860571,883488,11362189226
Endfield_Data/StreamingAssets/VFS/55FC21C6/DEDC9DC44AC08A1A8CB17E5B239C26BC.chk,file,Deflated,1800967738,916165,935552,11363049906
Endfield_Data/StreamingAssets/VFS/55FC21C6/E083551E668DBA3B6E080118FDB4EE6B.chk,file,Deflated,13436978,479161,490624,11363966180
Endfield_Data/StreamingAssets/VFS/55FC21C6/E18115805CC91F58D7B24EBA982C1EA2.chk,file,Stored,2126409425,46495264,46495264,11364445450
Endfield_Data/StreamingAssets/VFS/55FC21C6/E1C05CA994C10820765B3DDFA1068B91.chk,file,Deflated,2671392607,1119357,1140832,11410940823
Endfield_Data/StreamingAssets/VFS/55FC21C6/E1CF0D981357E2DD19D647E179D1D2F5.chk,file,Deflated,1051869727,1192501,1214720,11412060289
Endfield_Data/StreamingAssets/VFS/55FC21C6/E1F6BDB0D3CAB0CFB89E9FBB185A5BF2.chk,file,Deflated,661917428,1106880,1128256,11413252899
Endfield_Data/StreamingAssets/VFS/55FC21C6/E20B2D25843C8274A2EE9CC90EB2E61F.chk,file,Deflated,2651631962,555377,570432,11414359888
Endfield_Data/StreamingAssets/VFS/55FC21C6/E34C379CE88ADCC443D6C47DC736A00A.chk,file,Deflated,46621631,433523,444192,11414915374
Endfield_Data/StreamingAssets/VFS/55FC21C6/E35D15DC30C49818FA43E9DAA9BB712C.chk,file,Deflated,3174908972,632318,650176,11415349006
Endfield_Data/StreamingAssets/VFS/55FC21C6/E37C2D8C1FD2A682DD896AF89472EEB4.chk,file,Deflated,3712082399,289570,300832,11415981433
Endfield_Data/StreamingAssets/VFS/55FC21C6/E4611EA9E704A060759D8ED78DC29053.chk,file,Deflated,2593666794,966306,986080,11416271112
Endfield_Data/StreamingAssets/VFS/55FC21C6/E4E69FAE6330767EB3B14E8E15F6310F.chk,file,Deflated,3874413389,1275285,1299456,11417237527
Endfield_Data/StreamingAssets/VFS/55FC21C6/E5598B65D8FF26877833DB19CF74CC48.chk,file,Deflated,3679038254,535365,549440,11418512921
Endfield_Data/StreamingAssets/VFS/55FC21C6/E62D445073EAB6B8B63D4FF982CAE6AD.chk,file,Deflated,2368622165,1224597,1250304,11419048395
Endfield_Data/StreamingAssets/VFS/55FC21C6/E63CE36505947E551D41FE7A0D735F29.chk,file,Deflated,1083482007,519883,538304,11420273101
Endfield_Data/StreamingAssets/VFS/55FC21C6/E69674CF4122C65CD319DB63AD7414FD.chk,file,Deflated,1438231571,279282,286240,11420793093
Endfield_Data/StreamingAssets/VFS/55FC21C6/E6B3566DB5AF273A9C9B5201CF8ADD7E.chk,file,Deflated,3172694033,1276193,1304512,11421072484
Endfield_Data/StreamingAssets/VFS/55FC21C6/E7447413B5E0CA2778314497591B16CB.chk,file,Deflated,4274175298,695107,712064,11422348786
Endfield_Data/StreamingAssets/VFS/55FC21C6/E7AC57FA6019786A0FA8AA82D5F06D91.chk,file,Deflated,2434794409,1187120,1210432,11423044002
Endfield_Data/StreamingAssets/VFS/55FC21C6/E7D450430F7050420B34E8DFC7FAAC4F.chk,file,Deflated,4012238905,903811,922752,11424231231
Endfield_Data/StreamingAssets/VFS/55FC21C6/E826F832C92160D72699A3FDD965D9CB.chk,file,Deflated,4019882506,1280046,1304288,11425135151
Endfield_Data/StreamingAssets/VFS/55FC21C6/E8B46D88458FC87E1C66A0FF6A4B576D.chk,file,Deflated,3013182262,616831,633152,11426415306
Endfield_Data/StreamingAssets/VFS/55FC21C6/E9404899C3C3FE97516E9EB5AB97745A.chk,file,Deflated,3552704093,964265,985216,11427032246
Endfield_Data/StreamingAssets/VFS/55FC21C6/E96D2978F6008D56FF61F3447746EAB8.chk,file,Deflated,2225625031,556975,571552,11427996620
Endfield_Data/StreamingAssets/VFS/55FC21C6/E9D0B063F2B42448D1592F37AF620935.chk,file,Deflated,1834489925,34276351,34306944,11428553704
Endfield_Data/StreamingAssets/VFS/55FC21C6/EAFA418FFDBF92F2B6713C9DCD970D8E.chk,file,Deflated,3440581391,690444,707360,11462830164
Endfield_Data/StreamingAssets/VFS/55FC21C6/EB27147846C382C11756F961709CB9D5.chk,file,Deflated,463766159,306070,313696,11463520717
Endfield_Data/StreamingAssets/VFS/55FC21C6/EB58686F64ABEBDA18ABD05D35E53C69.chk,file,Deflated,2532092301,1196382,1220576,11463826896
Endfield_Data/StreamingAssets/VFS/55FC21C6/EB68162C5E5F3BF6540A9430D412F2E3.chk,file,Deflated,3622062855,961282,981216,11465023387
Endfield_Data/StreamingAssets/VFS/55FC21C6/EB6C75A1048180D13AA2EC92EBFE216F.chk,file,Stored,218168572,45850656,45850656,11465984778
Endfield_Data/StreamingAssets/VFS/55FC21C6/ED2E3972F4909E4FBD19F0F92C0970ED.chk,file,Deflated,3273970899,336203,345472,11511835543
Endfield_Data/StreamingAssets/VFS/55FC21C6/EE72F6086D35CAD76E79737BAFED3324.chk,file,Deflated,1346407929,831758,849856,11512171855
Endfield_Data/StreamingAssets/VFS/55FC21C6/EEBF91AAA13E33E1B328078FB2A8904B.chk,file,Deflated,2788650484,361202,371872,11513003722
Endfield_Data/StreamingAssets/VFS/55FC21C6/EF71A0BD72915167B03442E5D1ABB064.chk,file,Deflated,3415776809,1040378,1062304,11513365033
Endfield_Data/StreamingAssets/VFS/55FC21C6/EFFEAC87677A662EE498CC2E9590A97C.chk,file,Deflated,1437179453,810685,827776,11514405520
Endfield_Data/StreamingAssets/VFS/55FC21C6/F009B92A9A9E93EE0E1CBBC5E58A329E.chk,file,Deflated,3983284165,753430,770528,11515216314
Endfield_Data/StreamingAssets/VFS/55FC21C6/F0AF0C28E8AE57C6327F2C071E236337.chk,file,Deflated,123194277,1235533,1260992,11515969853
Endfield_Data/StreamingAssets/VFS/55FC21C6/F0D74004CC1302D710DF1AFC3FF53DF1.chk,file,Deflated,2338869066,654235,670336,11517205495
Endfield_Data/StreamingAssets/VFS/55FC21C6/F0DC6529D08F476202AED3C28FE85406.chk,file,Deflated,4031720104,919094,937920,11517859839
Endfield_Data/StreamingAssets/VFS/55FC21C6/F10A83726F2E4DBA841D7D59EB9655B1.chk,file,Deflated,2480690245,385792,395872,11518779042
Endfield_Data/StreamingAssets/VFS/55FC21C6/F1457C776333988E3BDDAAE27AD12CB6.chk,file,Deflated,1248336925,75867478,75940832,11519164943
Endfield_Data/StreamingAssets/VFS/55FC21C6/F289C99DFA50F6F4312C63410C9C64D1.chk,file,Deflated,1027388275,1051733,1073376,11595032530
Endfield_Data/StreamingAssets/VFS/55FC21C6/F318F26088293D105FDA4CB88F30F29E.chk,file,Deflated,2472004500,814365,831392,11596084372
Endfield_Data/StreamingAssets/VFS/55FC21C6/F3B99D9D3AFCDA7F360DC0A6DA772D43.chk,file,Deflated,1578628845,1109542,1133408,11596898846
Endfield_Data/StreamingAssets/VFS/55FC21C6/F3F7D83A42A283E4E91BD1D9207D5826.chk,file,Deflated,1956924291,1267203,1289952,11598008497
Endfield_Data/StreamingAssets/VFS/55FC21C6/F3F9972E3767BAB43E5170A77C6668D7.chk,file,Deflated,1941858727,652415,666944,11599275809
Endfield_Data/StreamingAssets/VFS/55FC21C6/F46334E54D3E5D1156BEC9BC61A4574E.chk,file,Deflated,2539869839,625901,639520,11599928333
Endfield_Data/StreamingAssets/VFS/55FC21C6/F50CD595D038C5550F1AFF1EB907DF5B.chk,file,Deflated,2212963788,891779,913728,11600554343
Endfield_Data/StreamingAssets/VFS/55FC21C6/F5552AB67867B0AF3574E0053D81F6BF.chk,file,Deflated,1507645612,529974,542176,11601446231
Endfield_Data/StreamingAssets/VFS/55FC21C6/F5821B8816151E7D3FFEE14A44C7403D.chk,file,Deflated,1461871823,587282,602976,11601976314
Endfield_Data/StreamingAssets/VFS/55FC21C6/F5D292A516386EFA88C3ECF19246ECE3.chk,file,Deflated,3722921486,1153011,1175616,11602563705
Endfield_Data/StreamingAssets/VFS/55FC21C6/F5D8800C108E83D8B053BEACF282656A.chk,file,Deflated,3771707707,1140908,1166176,11603716825
Endfield_Data/StreamingAssets/VFS/55FC21C6/F6BD0D7CF4EEF8F293BF679E2F39EFA2.chk,file,Deflated,668446987,27094390,27170272,11604857842
Endfield_Data/StreamingAssets/VFS/55FC21C6/F6CD40225A2DF2B68062A89A000F5677.chk,file,Deflated,2702874844,488975,500192,11631952341
Endfield_Data/StreamingAssets/VFS/55FC21C6/F7503A18E5ED7141E0B79D74EDB43ADD.chk,file,Deflated,1114896828,958962,982208,11632441425
Endfield_Data/StreamingAssets/VFS/55FC21C6/F7BE6C773C3141ACFF23E19CB7FAA3FE.chk,file,Deflated,943641514,861867,882048,11633400496
Endfield_Data/StreamingAssets/VFS/55FC21C6/F9500C490D9589A335429C585BFFAC99.chk,file,Deflated,1836756335,775220,790496,11634262472
Endfield_Data/StreamingAssets/VFS/55FC21C6/F9D725EF6E36330E6BC75A1FDBCE4CBF.chk,file,Deflated,3820431979,1236188,1260448,11635037801
Endfield_Data/StreamingAssets/VFS/55FC21C6/FA33316174FE4223257492B9433E92EC.chk,file,Deflated,2662561668,856948,878304,11636274098
Endfield_Data/StreamingAssets/VFS/55FC21C6/FA9F208298A0EAF628E33728301CAFA1.chk,file,Deflated,2641278012,597322,612352,11637131155
Endfield_Data/StreamingAssets/VFS/55FC21C6/FB799C3A5C0750F7B87B9B30C6F7E16F.chk,file,Deflated,64974347,131396935,131601984,11637728586
Endfield_Data/StreamingAssets/VFS/55FC21C6/FB84EC57FA89230F1C11B2A44C1A6FD3.chk,file,Deflated,3337881539,925588,948000,11769125630
Endfield_Data/StreamingAssets/VFS/55FC21C6/FC300EB6F0AD45A7CCD02EF6FD592FA6.chk,file,Deflated,1573426664,1220769,1245568,11770051327
Endfield_Data/StreamingAssets/VFS/55FC21C6/FC929A015038533E1EC42F27F5F4531C.chk,file,Deflated,2654051920,74072890,74101504,11771272205
Endfield_Data/StreamingAssets/VFS/55FC21C6/FCBFA217B1AE5532048C5F9DA6F9EC03.chk,file,Deflated,2696980784,588713,603232,11845345204
Endfield_Data/StreamingAssets/VFS/55FC21C6/FD396111AFD3CA1F984F53D30F6CA95E.chk,file,Deflated,1110436457,1215744,1241792,11845934026
Endfield_Data/StreamingAssets/VFS/55FC21C6/FD6DEE5F2930B0F67C754309B1F85C5E.chk,file,Deflated,1856055180,1414909,1443424,11847149879
Endfield_Data/StreamingAssets/VFS/55FC21C6/FDAC628CB5B3F2C892F66D44389719C0.chk,file,Deflated,1587784478,979739,1005952,11848564897
Endfield_Data/StreamingAssets/VFS/55FC21C6/FDB85E4FA1E29CA2CB1458DCAA1BEEF2.chk,file,Deflated,1428613775,1124493,1148768,11849544745
Endfield_Data/StreamingAssets/VFS/55FC21C6/FE139CC8B2A2FDB4730A2DB5F9D9A2F4.chk,file,Deflated,2011979341,1190997,1212544,11850669347
Endfield_Data/StreamingAssets/VFS/55FC21C6/FEF09E0A67D4FC16E91742050A26F630.chk,file,Deflated,3215799015,283062,290880,11851860453
Endfield_Data/StreamingAssets/VFS/55FC21C6/FF152D258EC372C6A23F7849AED3A685.chk,file,Deflated,507025499,131688612,131751520,11852143624
Endfield_Data/StreamingAssets/VFS/55FC21C6/FF5078E12C745EB4550B49C6E73CCF7F.chk,file,Deflated,3717634771,55925722,55970624,11983832345
Endfield_Data/StreamingAssets/VFS/7064D8E2/,dir,Stored,0,0,0,12039758176
Endfield_Data/StreamingAssets/VFS/7064D8E2/07B456125D209778A5217282CE14B9A7.chk,file,Deflated,2061433226,1131898061,1220298141,12039758249
Endfield_Data/StreamingAssets/VFS/7064D8E2/0D25AFD638AB93A71F82ACE1E48F7059.chk,file,Deflated,416202247,916351472,1000524612,13171656419
Endfield_Data/StreamingAssets/VFS/7064D8E2/0D62C22B68DEAA3430FCC89040A2DF15.chk,file,Deflated,2906478961,1103348704,1154832679,14088008000
Endfield_Data/StreamingAssets/VFS/7064D8E2/198262D3DE88CA0742F0B4E9A2DCDE53.chk,file,Deflated,2449337470,1197996959,1255936192,15191356813
Endfield_Data/StreamingAssets/VFS/7064D8E2/1AF31A06BD22048215930D498DF6E1B0.chk,file,Deflated,3659810610,1001227198,1115493749,16389353881
Endfield_Data/StreamingAssets/VFS/7064D8E2/1E2312184137443223A68669314A2E4F.chk,file,Deflated,1295785235,1101529485,1186899686,17390581188
Endfield_Data/StreamingAssets/VFS/7064D8E2/26C8533FE341E4C5DB016CD32531965E.chk,file,Deflated,2343321426,1049836497,1097269722,18492110782
Endfield_Data/StreamingAssets/VFS/7064D8E2/2B3BD120BF8B730A22632E2E1A9B0975.chk,file,Deflated,2804530919,251985628,266727720,19541947388
Endfield_Data/StreamingAssets/VFS/7064D8E2/2F2A055F306FFCF9B7F0AE371AAB5DC0.chk,file,Deflated,2600937194,746541425,786815998,19793933125
Endfield_Data/StreamingAssets/VFS/7064D8E2/368AFF30A0DED767D4487D7EE50C4B6E.chk,file,Deflated,3036935961,1103148702,1155977150,20540474659
Endfield_Data/StreamingAssets/VFS/7064D8E2/40E7DB1645D20991CB0FE316B2128FC2.chk,file,Deflated,1339320423,983661199,1052771153,21643623470
Endfield_Data/StreamingAssets/VFS/7064D8E2/4A23268E52717F8A3BA5CCDE8A31C2EE.chk,file,Deflated,3609132292,1068848146,1152703242,22627284778
Endfield_Data/StreamingAssets/VFS/7064D8E2/5B4A9EC7D2E423D294669D223C6F2190.chk,file,Deflated,2254057502,1161937066,1209712656,23696133033
Endfield_Data/StreamingAssets/VFS/7064D8E2/5CDE4F9A1EA13BB001EE025C7B5F635A.chk,file,Deflated,3216020428,861204508,900218838,24858070208
Endfield_Data/StreamingAssets/VFS/7064D8E2/6EAA328A659091029FB9ABA888D7ED27.chk,file,Deflated,541006401,903113213,982473636,25719274825
Endfield_Data/StreamingAssets/VFS/7064D8E2/7064D8E2.blc,file,Stored,2005067676,29681466,29681466,26622388147
Endfield_Data/StreamingAssets/VFS/7064D8E2/73CA79A535F5F8398DDA73E0B65972C7.chk,file,Deflated,3929283891,946012822,1003650342,26652069698
Endfield_Data/StreamingAssets/VFS/7064D8E2/77595C8EE1F66B033DF909EF3C0F9EDD.chk,file,Deflated,578018488,588634654,955667171,27598082629
Endfield_Data/StreamingAssets/VFS/7064D8E2/7787281A04C54D26D26B791655688883.chk,file,Deflated,4261157913,119717085,123963906,28186717392
Endfield_Data/StreamingAssets/VFS/7064D8E2/87E0C79C10116BD6A7795E311F8EE2AF.chk,file,Deflated,1472394252,754476003,808009006,28306434586
Endfield_Data/StreamingAssets/VFS/7064D8E2/87E155E9236CBE396F612CD3331A1BF0.chk,file,Deflated,1335277999,513367540,581549321,29060910698
Endfield_Data/StreamingAssets/VFS/7064D8E2/8AE3F0557DDB65F0849B350772F3203C.chk,file,Deflated,4283594945,1099529424,1157089156,29574278347
Endfield_Data/StreamingAssets/VFS/7064D8E2/925FBCDADE39EE5F02D22F37DB52A6FB.chk,file,Deflated,2390363643,833181583,877547542,30673807880
Endfield_Data/StreamingAssets/VFS/7064D8E2/A265B2E0A50967C0B824C6A105DDD267.chk,file,Deflated,3040407794,1103959418,1257890890,31506989572
Endfield_Data/StreamingAssets/VFS/7064D8E2/AABCC2F4C10A60F2A4F44A8240F67311.chk,file,Deflated,1561966356,594958305,626978621,32610949099
Endfield_Data/StreamingAssets/VFS/7064D8E2/B02CFCA60CEABD61B6AEC2AA55ACB411.chk,file,Deflated,3165075277,989240164,1237996282,33205907513
Endfield_Data/StreamingAssets/VFS/7064D8E2/BAC7F805BCBF304B03DFC00AA7E8665D.chk,file,Deflated,2482411234,1095949741,1136368963,34195147786
Endfield_Data/StreamingAssets/VFS/7064D8E2/BB6F0B89DC3E45AC17C4B6334370035D.chk,file,Deflated,1035828066,1177277824,1243870520,35291097636
Endfield_Data/StreamingAssets/VFS/7064D8E2/BDCD34FA882D5E9BD15AE035EABD4418.chk,file,Deflated,3856082321,765377948,821872281,36468375569
Endfield_Data/StreamingAssets/VFS/7064D8E2/C15EE80499795D3CA00BE152F536F60A.chk,file,Deflated,709922687,1092468665,1139554955,37233753626
Endfield_Data/StreamingAssets/VFS/7064D8E2/C841198E078F44B66FCAF9009ACC7CBA.chk,file,Deflated,3944078409,1087058632,1176099162,38326222400
Endfield_Data/StreamingAssets/VFS/7064D8E2/CD7CE29D054CBCEAEED669C3DAD3436D.chk,file,Deflated,2901029210,928664437,991146144,39413281141
Endfield_Data/StreamingAssets/VFS/7064D8E2/DC5F311FACF8831245D2A31F6912AC56.chk,file,Deflated,3135350075,1058826523,1111001145,40341945687
Endfield_Data/StreamingAssets/VFS/7064D8E2/DD8F91FB0EDBD59B8FA0B0EA2690420F.chk,file,Deflated,871396874,833219818,1019593203,41400772319
Endfield_Data/StreamingAssets/VFS/7064D8E2/E1DDB84D259FB74963531499AA5FB4A2.chk,file,Deflated,483864433,1181968961,1242657527,42233992246
Endfield_Data/StreamingAssets/VFS/7064D8E2/E3C14F98B619EA61383EDEFE2D33A629.chk,file,Deflated,3469667559,919783796,1147536737,43415961316
Endfield_Data/StreamingAssets/VFS/7064D8E2/EA1D8F960B8C9709C46A9EF4A59616F7.chk,file,Deflated,21421043,1016394654,1072999987,44335745221
Endfield_Data/StreamingAssets/VFS/7064D8E2/F0E0E3B3C50BCA2CDB80834000945E99.chk,file,Deflated,3808488594,838351534,869433435,45352139984
Endfield_Data/StreamingAssets/VFS/7064D8E2/F1B8A1FE6550D675BA68867E7CE0D3AD.chk,file,Deflated,2368094468,1135920293,1195085082,46190491627
Endfield_Data/StreamingAssets/VFS/7064D8E2/F79AC491011203C01CA50F21998E7472.chk,file,Deflated,2974418839,1072870740,1132694318,47326412029
Endfield_Data/StreamingAssets/VFS/7064D8E2/FCEDFAF95834E358E0685530069FD8C6.chk,file,Deflated,3931632396,1055955508,1179541443,48399282878
Endfield_Data/StreamingAssets/VFS/7064D8E2/FF47E1296FA156B7B97B7B354CA6905D.chk,file,Deflated,2122406741,1078560542,1200151199,49455238495
Endfield_Data/StreamingAssets/VFS/775A31D1/,dir,Stored,0,0,0,50533799146
Endfield_Data/StreamingAssets/VFS/775A31D1/03209BF599E79D903482920C0B98E3F7.chk,file,Stored,3599510547,185345,185345,50533799219
Endfield_Data/StreamingAssets/VFS/775A31D1/058DB15C97B0368F1360C59585F7B678.chk,file,Stored,4228758018,144524,144524,50533984673
Endfield_Data/StreamingAssets/VFS/775A31D1/0675B27BB7A688A2F134CF5FAFD19A37.chk,file,Stored,571660859,9122,9122,50534129306
Endfield_Data/StreamingAssets/VFS/775A31D1/0A757B31C3D220E9EE5E5295262B44CC.chk,file,Stored,3847334236,75269,75269,50534138537
Endfield_Data/StreamingAssets/VFS/775A31D1/0A7FD9AB057955050A8B84C91E820261.chk,file,Stored,4202861191,1386860,1386860,50534213915
Endfield_Data/StreamingAssets/VFS/775A31D1/0CAE7EB05866B8119F874D50A60C5A4E.chk,file,Stored,3314587665,17732,17732,50535600884
Endfield_Data/StreamingAssets/VFS/775A31D1/0D6A84EAD54EC2FC18B6B072B082AD93.chk,file,Stored,3674438597,11005095,11005095,50535618725
Endfield_Data/StreamingAssets/VFS/775A31D1/0E710E3EE8855B88EDF5DBE8ED1931DA.chk,file,Stored,520875248,9851,9851,50546623929
Endfield_Data/StreamingAssets/VFS/775A31D1/0E7B984B353B7FF8448064046C5639C4.chk,file,Stored,3670009688,91275,91275,50546633889
Endfield_Data/StreamingAssets/VFS/775A31D1/182547166F88BBEBFFB98B66495E7165.chk,file,Stored,1216791919,14268102,14268102,50546725273
Endfield_Data/StreamingAssets/VFS/775A31D1/18A49279CAC1CD0FC735A894F862CBC9.chk,file,Stored,747667884,54794,54794,50560993484
Endfield_Data/StreamingAssets/VFS/775A31D1/19AA168B9E1980BC03D0B23B0BACFA27.chk,file,Stored,325543406,149625,149625,50561048387
Endfield_Data/StreamingAssets/VFS/775A31D1/1E2F1D381E475C212765B8308E39C36C.chk,file,Stored,2327588341,25395848,25395848,50561198121
Endfield_Data/StreamingAssets/VFS/775A31D1/1FAA1194419FBAF33D564C9D64838B77.chk,file,Stored,4167174674,7385,7385,50586594078
Endfield_Data/StreamingAssets/VFS/775A31D1/260D330E1B35FB4DA8FCCACA6C13DB1C.chk,file,Stored,1608142654,909959,909959,50586601572
Endfield_Data/StreamingAssets/VFS/775A31D1/2927261E18530A215F18D9E1D64EBC2D.chk,file,Stored,692886680,17460,17460,50587511640
Endfield_Data/StreamingAssets/VFS/775A31D1/2A0D88AEBCD4551C1AB1874D6D5648B0.chk,file,Stored,345952945,1606092,1606092,50587529209
Endfield_Data/StreamingAssets/VFS/775A31D1/2FADEDD9E8FDC04E7538AB32DCDCBEB7.chk,file,Stored,3838488352,19854,19854,50589135410
Endfield_Data/StreamingAssets/VFS/775A31D1/304880B84E040657A03C3847E12BCC9C.chk,file,Stored,157216182,31021,31021,50589155373
Endfield_Data/StreamingAssets/VFS/775A31D1/31716C03D47684A94E6FA06ED40571D4.chk,file,Stored,2279912431,70172,70172,50589186503
Endfield_Data/StreamingAssets/VFS/775A31D1/342AC351C0BE6604CBA9B44A9DA96FBC.chk,file,Stored,2715865092,22972,22972,50589256784
Endfield_Data/StreamingAssets/VFS/775A31D1/34EB14BB3DFB720F221F35B1DF94D445.chk,file,Stored,3102851898,9697999,9697999,50589279865
Endfield_Data/StreamingAssets/VFS/775A31D1/364FD0A090191710F4BFBE0F35E2EE11.chk,file,Stored,345851886,1477265,1477265,50598977973
Endfield_Data/StreamingAssets/VFS/775A31D1/37054B2D372C8596CAA9F7C7E022F0C6.chk,file,Stored,2302149918,216856,216856,50600455347
Endfield_Data/StreamingAssets/VFS/775A31D1/3EAB091AD0451C3AA3A510D4D72E9E32.chk,file,Stored,1548154160,125384,125384,50600672312
Endfield_Data/StreamingAssets/VFS/775A31D1/41A01AD71A9AF1660886F51557295BFA.chk,file,Stored,4049598120,492528,492528,50600797805
Endfield_Data/StreamingAssets/VFS/775A31D1/434DCE4A33B8572170AE8C6DEF558D03.chk,file,Stored,2539696979,410530,410530,50601290442
Endfield_Data/StreamingAssets/VFS/775A31D1/44DAC3CDCF23B39B84B9280173A6838F.chk,file,Stored,122912849,170309,170309,50601701081
Endfield_Data/StreamingAssets/VFS/775A31D1/45185C351764CE173F7F5B67EF858047.chk,file,Stored,3830058322,380671,380671,50601871499
Endfield_Data/StreamingAssets/VFS/775A31D1/45844D3BDF889A195F51B03F210D71FF.chk,file,Stored,951235408,131682,131682,50602252279
Endfield_Data/StreamingAssets/VFS/775A31D1/459F9236087F168E343A18BA526047B6.chk,file,Stored,2675507840,13983538,13983538,50602384070
Endfield_Data/StreamingAssets/VFS/775A31D1/461129BFE13EAB0D2BD64447A85C3E37.chk,file,Stored,1171293352,13239146,13239146,50616367717
Endfield_Data/StreamingAssets/VFS/775A31D1/46148B3A627B997DB2FBF800EECD2A9D.chk,file,Stored,3062407552,221262,221262,50629606972
Endfield_Data/StreamingAssets/VFS/775A31D1/476B4420E426EA6AB02354DE0AA692DB.chk,file,Stored,3050811113,22994624,22994624,50629828343
Endfield_Data/StreamingAssets/VFS/775A31D1/479625289F5739BDE8EA2172863507AC.chk,file,Stored,780609644,11974753,11974753,50652823076
Endfield_Data/StreamingAssets/VFS/775A31D1/4A5D8E2E58EE8A99FBA84985F4B061B8.chk,file,Stored,3591258253,99912505,99912505,50664797938
Endfield_Data/StreamingAssets/VFS/775A31D1/4A5DF6B030477623623E766EAC48C66A.chk,file,Stored,1475221992,19399833,19399833,50764710552
Endfield_Data/StreamingAssets/VFS/775A31D1/4AF7C44EDD99705A10B19CB133FD991F.chk,file,Stored,1313859784,1468,1468,50784110494
Endfield_Data/StreamingAssets/VFS/775A31D1/52CE1E094AEAF06415E52C902C8BB578.chk,file,Stored,597398943,370721,370721,50784112071
Endfield_Data/StreamingAssets/VFS/775A31D1/54E07BF9BAB93B568B52592A73711B5D.chk,file,Stored,150789803,11189894,11189894,50784482901
Endfield_Data/StreamingAssets/VFS/775A31D1/5672F06F24EDEBC66B676D8B96BBA688.chk,file,Stored,2188289759,391,391,50795672904
Endfield_Data/StreamingAssets/VFS/775A31D1/594B0D04A6301A0514F40390ECCEB11B.chk,file,Stored,2058087209,21238,21238,50795673404
Endfield_Data/StreamingAssets/VFS/775A31D1/5B3247788C0B31DE331EAAC4A58EC061.chk,file,Stored,1345703134,59880,59880,50795694751
Endfield_Data/StreamingAssets/VFS/775A31D1/5D73268E55CF15EF57BAE8988BB99C50.chk,file,Stored,4270828525,14083638,14083638,50795754740
Endfield_Data/StreamingAssets/VFS/775A31D1/5EBBB83E34AB6CD36DCE3537B412CF5A.chk,file,Stored,1508246510,12017682,12017682,50809838487
Endfield_Data/StreamingAssets/VFS/775A31D1/5ED31347BD2AAE4E56EE84B4FEF580F3.chk,file,Deflated,4235379230,7761133,9331640,50821856278
Endfield_Data/StreamingAssets/VFS/775A31D1/5F6BBA501CE0F5231CC7A39C9690CF0B.chk,file,Stored,2807140433,27083829,27083829,50829617520
Endfield_Data/StreamingAssets/VFS/775A31D1/61688571618CD1E2D76BC22B40901228.chk,file,Stored,1014404061,7771263,7771263,50856701458
Endfield_Data/StreamingAssets/VFS/775A31D1/62E35F4BD85A22AC20750D5E03A93185.chk,file,Stored,3401894692,10206,10206,50864472830
Endfield_Data/StreamingAssets/VFS/775A31D1/63DBA4F0C158CE567F11D8547A8BAC00.chk,file,Stored,2176418985,490635,490635,50864483145
Endfield_Data/StreamingAssets/VFS/775A31D1/646164E18E3DC6E5BC2B707C4345160A.chk,file,Stored,2221074107,52144,52144,50864973889
Endfield_Data/StreamingAssets/VFS/775A31D1/674F87BB9580D2878E93505F3EF976AC.chk,file,Stored,1106859100,7288680,7288680,50865026142
Endfield_Data/StreamingAssets/VFS/775A31D1/68F552816BF132A71A94962F4098FDD6.chk,file,Stored,180562580,40240,40240,50872314931
Endfield_Data/StreamingAssets/VFS/775A31D1/6B8530A9B58CB4E0A529EF88ACC7374A.chk,file,Stored,55618486,160000,160000,50872355280
Endfield_Data/StreamingAssets/VFS/775A31D1/6B92CD32D61BDB1887F1C1A0437F447B.chk,file,Stored,2019295408,348634,348634,50872515389
Endfield_Data/StreamingAssets/VFS/775A31D1/6DB360DA9DEE17595CDB51291991BFCD.chk,file,Stored,2958336669,38643,38643,50872864132
Endfield_Data/StreamingAssets/VFS/775A31D1/6F576D8E6D08E261E2D26B7BB7CB4C13.chk,file,Stored,4179805883,1453998,1453998,50872902884
Endfield_Data/StreamingAssets/VFS/775A31D1/74CD7E65BC6945BE1C46A9554653A163.chk,file,Stored,1939950784,11425,11425,50874356991
Endfield_Data/StreamingAssets/VFS/775A31D1/75E0C068299274798C87B2604667D8CE.chk,file,Stored,2215761788,321249,321249,50874368525
Endfield_Data/StreamingAssets/VFS/775A31D1/7721817D8721F0E5120D579E7C328209.chk,file,Stored,4194142717,861053,861053,50874689883
Endfield_Data/StreamingAssets/VFS/775A31D1/775A31D1.blc,file,Stored,1959118702,12222437,12222437,50875551045
Endfield_Data/StreamingAssets/VFS/775A31D1/7CD4F1C3D00BCF78C153B7E87FD78FCC.chk,file,Stored,4225822680,216142,216142,50887773567
Endfield_Data/StreamingAssets/VFS/775A31D1/7E0836F77D9990224003F12019E4CD2A.chk,file,Stored,522240027,6438357,6438357,50887989818
Endfield_Data/StreamingAssets/VFS/775A31D1/7E777EC5A0DE93254D6D275855B7B978.chk,file,Stored,1392644683,156473,156473,50894428284
Endfield_Data/StreamingAssets/VFS/775A31D1/80B564563191251E7A6E44C9525F3108.chk,file,Stored,2902012591,11274931,11274931,50894584866
Endfield_Data/StreamingAssets/VFS/775A31D1/827651CD3443650A7179A6BF0516371E.chk,file,Stored,2592111650,9268,9268,50905859906
Endfield_Data/StreamingAssets/VFS/775A31D1/8B32ACA34503284CA42C2D374BAF4D7F.chk,file,Stored,1677515569,11625,11625,50905869283
Endfield_Data/StreamingAssets/VFS/775A31D1/93A983A1B265B5CDDB128D645743EED7.chk,file,Stored,3695904396,120145,120145,50905881017
Endfield_Data/StreamingAssets/VFS/775A31D1/96978E588CEB5E82A72FCC5E016DD290.chk,file,Stored,3757047241,124743589,124743589,50906001271
Endfield_Data/StreamingAssets/VFS/775A31D1/9EE7C472857771EC6F38893BE7B6263F.chk,file,Stored,1189847118,124730,124730,51030744969
Endfield_Data/StreamingAssets/VFS/775A31D1/A45D9387CC2500B85911730F9DA63778.chk,file,Stored,90163661,4948102,4948102,51030869808
Endfield_Data/StreamingAssets/VFS/775A31D1/A6CC5C90E9EF4E0BA6BC0B6AE191546C.chk,file,Stored,3798581757,10049667,10049667,51035818019
Endfield_Data/StreamingAssets/VFS/775A31D1/A831ABE656B0ED4BE8F8BF6B7B51F1B3.chk,file,Stored,356194951,56279,56279,51045867795
Endfield_Data/StreamingAssets/VFS/775A31D1/A9F0306A7790639CAC06510B3B8B3B59.chk,file,Stored,3830965071,1289,1289,51045924183
Endfield_Data/StreamingAssets/VFS/775A31D1/ABDCCBD32CA8611B349CEC177736C318.chk,file,Stored,759543484,122247,122247,51045925581
Endfield_Data/StreamingAssets/VFS/775A31D1/AC2ACC554D566AD658AE1058CDE33BC8.chk,file,Stored,1970913952,19615,19615,51046047937
Endfield_Data/StreamingAssets/VFS/775A31D1/AD574D95795DA4B51EAD0F847AA4D021.chk,file,Stored,1614684182,725446,725446,51046067661
Endfield_Data/StreamingAssets/VFS/775A31D1/AD71369BACE84C99AFD3D4489DE2C194.chk,file,Stored,247624640,22988553,22988553,51046793216
Endfield_Data/StreamingAssets/VFS/775A31D1/B1B541B6B67F500858287CC25A06E18E.chk,file,Stored,729466986,109094,109094,51069781878
Endfield_Data/StreamingAssets/VFS/775A31D1/B3F8E0978671517F38CEFF8EFFA7096B.chk,file,Stored,1749793947,5218,5218,51069891081
Endfield_Data/StreamingAssets/VFS/775A31D1/B4E2D84537B5A6BBF97C36A208F944ED.chk,file,Stored,1938317699,2143706,2143706,51069896408
Endfield_Data/StreamingAssets/VFS/775A31D1/B5F20509E7DFB36F1506AA9EEA7E44D2.chk,file,Stored,3117400549,196409,196409,51072040223
Endfield_Data/StreamingAssets/VFS/775A31D1/B754A07F3DF74B6E528AF65EFB4811CC.chk,file,Stored,1539900268,747765,747765,51072236741
Endfield_Data/StreamingAssets/VFS/775A31D1/B9EF24D066FA1469B112718D3A8F6ACA.chk,file,Stored,2843645320,11138487,11138487,51072984615
Endfield_Data/StreamingAssets/VFS/775A31D1/BCA940866D2C7B9BAF121DFA380B254D.chk,file,Stored,2586210507,894418,894418,51084123211
Endfield_Data/StreamingAssets/VFS/775A31D1/C0169BC244AEE094344B638FD80D1F72.chk,file,Stored,1738571387,2652312,2652312,51085017738
Endfield_Data/StreamingAssets/VFS/775A31D1/C910B383CB750B1F98A3C7A988063834.chk,file,Stored,3719733487,922833,922833,51087670159
Endfield_Data/StreamingAssets/VFS/775A31D1/CA51AD9F6F1E1EB2D57522EB2C813DC3.chk,file,Stored,3598622729,4817167,4817167,51088593101
Endfield_Data/StreamingAssets/VFS/775A31D1/CBFC01487741DC5DE2E2840404868899.chk,file,Stored,2644139276,131274,131274,51093410377
Endfield_Data/StreamingAssets/VFS/775A31D1/CEE87CEB9B2FE8163A814596FE03823B.chk,file,Stored,47288489,12672737,12672737,51093541760
Endfield_Data/StreamingAssets/VFS/775A31D1/CF38BA8A53CFC0F34524BBB11519B79B.chk,file,Stored,969157788,122392353,122392353,51106214606
Endfield_Data/StreamingAssets/VFS/775A31D1/CFB9B3D75D1CA8E6EBF640AB05B9BAC1.chk,file,Stored,3037117942,541843,541843,51228607068
Endfield_Data/StreamingAssets/VFS/775A31D1/CFC8984ACF2B854986F43BA1D65C4A67.chk,file,Stored,2804931357,642,642,51229149020
Endfield_Data/StreamingAssets/VFS/775A31D1/D040313E2307C509A7007B76EDF6E77A.chk,file,Stored,2812751632,270475,270475,51229149771
Endfield_Data/StreamingAssets/VFS/775A31D1/D3AC6D2347615464049BB95438B82D5C.chk,file,Stored,3305422366,45912,45912,51229420355
Endfield_Data/StreamingAssets/VFS/775A31D1/D5140D338C868E29BA311937B623EAAC.chk,file,Stored,354883443,2954855,2954855,51229466376
Endfield_Data/StreamingAssets/VFS/775A31D1/D56CCF5C63911DCB5603AB9AC66A80D8.chk,file,Stored,2522847225,12632,12632,51232421340
Endfield_Data/StreamingAssets/VFS/775A31D1/D5B3E15A71D9D80326F9EFC853FB7E80.chk,file,Stored,3794620176,198605,198605,51232434081
Endfield_Data/StreamingAssets/VFS/775A31D1/D850A4EC4DA9C65297AFAAD520BBC5BC.chk,file,Stored,1590246830,2097624,2097624,51232632795
Endfield_Data/StreamingAssets/VFS/775A31D1/E014C293AEB2F50DDF96E92FF5CBE327.chk,file,Stored,1370319681,2137247,2137247,51234730528
Endfield_Data/StreamingAssets/VFS/775A31D1/E021FF081F7ED26904641A914225AAD2.chk,file,Stored,1095420590,163542,163542,51236867884
Endfield_Data/StreamingAssets/VFS/775A31D1/E0F32D9025A30E3B3EF0C3200E5BB350.chk,file,Stored,2808484710,1352682,1352682,51237031535
Endfield_Data/StreamingAssets/VFS/775A31D1/E182445C8118E0054F9DEC2AFF51E44C.chk,file,Stored,356040877,1502109,1502109,51238384326
Endfield_Data/StreamingAssets/VFS/775A31D1/E325D8C443D2BADDC1618E062E6FA97C.chk,file,Stored,2808382728,1493648,1493648,51239886544
Endfield_Data/StreamingAssets/VFS/775A31D1/E4B0816EDE1AD10DC9D77E74496EC264.chk,file,Stored,674679968,1363369,1363369,51241380301
Endfield_Data/StreamingAssets/VFS/775A31D1/E5BA65891C6D7F68A495B418E1C1E9AA.chk,file,Stored,3210350012,512370,512370,51242743779
Endfield_Data/StreamingAssets/VFS/775A31D1/E73A251F35D9A51F36E7ECC0C2071846.chk,file,Stored,1575234854,98078,98078,51243256258
Endfield_Data/StreamingAssets/VFS/775A31D1/F2D387250DDFFE1174EAAB15FB59B25F.chk,file,Stored,4015212266,121143372,121143372,51243354445
Endfield_Data/StreamingAssets/VFS/775A31D1/F4472E6736792736117608BBC4F60563.chk,file,Stored,3134579952,4012393,4012393,51364497926
Endfield_Data/StreamingAssets/VFS/775A31D1/F52BD2EDEF75C08008B5852930292208.chk,file,Stored,336186100,64833,64833,51368510428
Endfield_Data/StreamingAssets/VFS/775A31D1/F8A3A7FE77F9E42DE84586FFC986B76D.chk,file,Stored,3187513469,506498,506498,51368575370
Endfield_Data/StreamingAssets/VFS/775A31D1/F994D436510CED5B3E3F28BDB46AB217.chk,file,Stored,3756620839,1470387,1470387,51369081977
Endfield_Data/StreamingAssets/VFS/775A31D1/FB8EEA569C30469A3616B5C61537563E.chk,file,Stored,1338503373,410515,410515,51370552473
Endfield_Data/StreamingAssets/VFS/A63D7E6A/,dir,Stored,0,0,0,51370963097
Endfield_Data/StreamingAssets/VFS/A63D7E6A/02FF5034A95F5372A81528F7E03D1D9C.chk,file,Deflated,421047840,9463301,11474199,51370963170
Endfield_Data/StreamingAssets/VFS/A63D7E6A/0360FE0CFE8798EEFD50A620F37F8C92.chk,file,Deflated,1143082255,6255770,7446593,51380426580
Endfield_Data/StreamingAssets/VFS/A63D7E6A/04480AD2C0011296C6ED1FC4A9969A3C.chk,file,Deflated,370477406,73378288,86926547,51386682459
Endfield_Data/StreamingAssets/VFS/A63D7E6A/06A1A17AF76F5D7D927A4A2B254E4239.chk,file,Deflated,3091163177,36123,52218,51460060856
Endfield_Data/StreamingAssets/VFS/A63D7E6A/0B730803FB878B64E68A9329541100CD.chk,file,Deflated,2060966969,36821076,44778062,51460097088
Endfield_Data/StreamingAssets/VFS/A63D7E6A/0C4B3E4AF85301260745BE246D32D355.chk,file,Deflated,3985757255,17244244,20797363,51496918273
Endfield_Data/StreamingAssets/VFS/A63D7E6A/1120E77A4AB9A6517783A2B43D9D8BA0.chk,file,Deflated,988985997,9390824,11763116,51514162626
Endfield_Data/StreamingAssets/VFS/A63D7E6A/16C5629F2D5F532984DA6F4C3C43F995.chk,file,Deflated,457267153,3384960,4004645,51523553559
Endfield_Data/StreamingAssets/VFS/A63D7E6A/19259C9ECC6BCC91541378EC8BA06F6C.chk,file,Deflated,3827995196,41872307,49147805,51526938628
Endfield_Data/StreamingAssets/VFS/A63D7E6A/20F1BE4CAE5E58FD99288DE00A0E2655.chk,file,Deflated,2683683489,11489364,14323344,51568811044
Endfield_Data/StreamingAssets/VFS/A63D7E6A/21D77DD04F8F0E44EB818B7A28A3BC41.chk,file,Deflated,1789298560,34039190,42120921,51580300517
Endfield_Data/StreamingAssets/VFS/A63D7E6A/291C1E04E88D4F0631D9AB62DD124E3A.chk,file,Deflated,1823004862,94145831,113962570,51614339816
Endfield_Data/StreamingAssets/VFS/A63D7E6A/374A20A577E2C224DF71DA80AE5A4B7E.chk,file,Deflated,3054782898,9618038,11388531,51708485756
Endfield_Data/StreamingAssets/VFS/A63D7E6A/389AF84A46F3FD0CC116C884FF8C2A2B.chk,file,Deflated,1335121137,8593486,10467177,51718103903
Endfield_Data/StreamingAssets/VFS/A63D7E6A/3D560DF054168B05F22DD6777B6F9B56.chk,file,Deflated,369486837,956738,1251266,51726697498
Endfield_Data/StreamingAssets/VFS/A63D7E6A/3E4322791CC4CC86EECD1E1127ADFA41.chk,file,Deflated,599088636,4819991,5609379,51727654345
Endfield_Data/StreamingAssets/VFS/A63D7E6A/3EF1AEF8AF0FF140774820535D1DACBD.chk,file,Deflated,3695777870,79579811,95636306,51732474445
Endfield_Data/StreamingAssets/VFS/A63D7E6A/48C2EDB56ADDD8BD75BF4EAD14B6667A.chk,file,Deflated,934160390,19019563,22931039,51812054365
Endfield_Data/StreamingAssets/VFS/A63D7E6A/4E648C7F0D0C8E559B1BA370116EC76B.chk,file,Deflated,1530245785,87582310,103436119,51831074037
Endfield_Data/StreamingAssets/VFS/A63D7E6A/4F8573D34E8BDB9C2CA0681EE88FF162.chk,file,Deflated,1951695135,21892385,26025026,51918656456
Endfield_Data/StreamingAssets/VFS/A63D7E6A/50E0AFF06F67489039F2918884DF5605.chk,file,Deflated,652233536,7317838,8728395,51940548950
Endfield_Data/StreamingAssets/VFS/A63D7E6A/5570E063A37AD6CD997BA0E3CB38C716.chk,file,Deflated,1457008191,131533169,156230984,51947866897
Endfield_Data/StreamingAssets/VFS/A63D7E6A/568F2341CBE58370E6FDE9344C43BF72.chk,file,Deflated,2342255488,11469038,13942848,52079400175
Endfield_Data/StreamingAssets/VFS/A63D7E6A/5961D50C9D978A4ACDDAE0AEB7F444EA.chk,file,Deflated,1336178256,4140990,5042073,52090869322
Endfield_Data/StreamingAssets/VFS/A63D7E6A/59AD644E9516FF9629B3706122D7DF9A.chk,file,Deflated,3137312897,6304261,7388045,52095010421
Endfield_Data/StreamingAssets/VFS/A63D7E6A/5A29E60E199F8C3E97A12B69C9BC6E88.chk,file,Deflated,350864068,25444687,30540827,52101314791
Endfield_Data/StreamingAssets/VFS/A63D7E6A/60FACD73C8662C538402398E95F2C042.chk,file,Deflated,2982559309,3278774,3913805,52126759587
Endfield_Data/StreamingAssets/VFS/A63D7E6A/654FCD411CCCDAF442BDE80A224410B0.chk,file,Deflated,3851113838,111745815,134132887,52130038470
Endfield_Data/StreamingAssets/VFS/A63D7E6A/69CB115BEFA70559607BFED796719046.chk,file,Deflated,4176052620,8962081,10868248,52241784394
Endfield_Data/StreamingAssets/VFS/A63D7E6A/6FE227558FC606CAC4C938AA17EA18E9.chk,file,Deflated,3036608047,40353654,49125870,52250746584
Endfield_Data/StreamingAssets/VFS/A63D7E6A/709BF6E4892379655B4658B2CC50CC23.chk,file,Deflated,3633090111,65941652,79160427,52291100347
Endfield_Data/StreamingAssets/VFS/A63D7E6A/731957ADA4E029DDFF3957AD8D915CFB.chk,file,Deflated,3296258146,335115128,400995881,52357042108
Endfield_Data/StreamingAssets/VFS/A63D7E6A/7BE6D5C852C416A4DB326EF966A04BD2.chk,file,Deflated,4012064859,36636718,44338469,52692157345
Endfield_Data/StreamingAssets/VFS/A63D7E6A/891B0F57B19EE1354F49EEC1C104C233.chk,file,Deflated,537475428,219288472,260355838,52728794172
Endfield_Data/StreamingAssets/VFS/A63D7E6A/89D0BA1C069653332F0B88613F518B5A.chk,file,Deflated,4012621965,48257715,57684806,52948082753
Endfield_Data/StreamingAssets/VFS/A63D7E6A/8FE3C1C2038104045051684C2E93BD21.chk,file,Deflated,4104146119,20106024,23860703,52996340577
Endfield_Data/StreamingAssets/VFS/A63D7E6A/939A0FCBB464834D346ABDBFCF7A7C1F.chk,file,Deflated,998586697,523873248,617883410,53016446710
Endfield_Data/StreamingAssets/VFS/A63D7E6A/93B705C7A9E06C6A24593A60B1323698.chk,file,Deflated,483805414,8898331,11911642,53540320067
Endfield_Data/StreamingAssets/VFS/A63D7E6A/99B9D3D6811A932E40B086F41658BEE0.chk,file,Deflated,1510074116,24896163,29547146,53549218507
Endfield_Data/StreamingAssets/VFS/A63D7E6A/9FD0632A1018FE1A7791077F89737AE3.chk,file,Deflated,3217969134,3807446,10833420,53574114779
Endfield_Data/StreamingAssets/VFS/A63D7E6A/A0959AEAC16D6481AAB9621D510C9643.chk,file,Deflated,1335337250,7588978,9450206,53577922334
Endfield_Data/StreamingAssets/VFS/A63D7E6A/A4A4C78A15E1EE6C8C0DD347BDECC486.chk,file,Deflated,1279047322,17279848,20949202,53585511421
Endfield_Data/StreamingAssets/VFS/A63D7E6A/A63D7E6A.blc,file,Stored,1185105271,30900,30900,53602791378
Endfield_Data/StreamingAssets/VFS/A63D7E6A/A6BD5F6608D20A0DA14B397F09235708.chk,file,Deflated,3242925714,11463389,13811986,53602822363
Endfield_Data/StreamingAssets/VFS/A63D7E6A/A9DFE6A6831C6BAF52AFE2727A56C0BF.chk,file,Deflated,1585141687,147868754,175997904,53614285861
Endfield_Data/StreamingAssets/VFS/A63D7E6A/AA21FDB420A2EEB2E82E8D441F3BF2A3.chk,file,Deflated,2414806244,50344910,63923020,53762154724
Endfield_Data/StreamingAssets/VFS/A63D7E6A/B0281AEECFF6165E7862DE97B55F80EE.chk,file,Deflated,2217630649,24822678,30507978,53812499743
Endfield_Data/StreamingAssets/VFS/A63D7E6A/B26A81A70BC0183BA96422EC348CF980.chk,file,Deflated,3649811522,14222023,16802308,53837322530
Endfield_Data/StreamingAssets/VFS/A63D7E6A/C0FAE314E6D1DCAC46492EAEFD9C5EB9.chk,file,Deflated,2960578094,10758805,12940259,53851544662
Endfield_Data/StreamingAssets/VFS/A63D7E6A/C1A3ABB0AD6681BC944FC64D8B5E5451.chk,file,Deflated,1915668917,16519505,19821246,53862303576
Endfield_Data/StreamingAssets/VFS/A63D7E6A/C2424F4CFA9714A3BBBAE1A797AC6273.chk,file,Deflated,2594474625,15666752,18449339,53878823190
Endfield_Data/StreamingAssets/VFS/A63D7E6A/C3CCC78897AA94A14667E28F36E10120.chk,file,Deflated,4097737583,301055333,356982384,53894490051
Endfield_Data/StreamingAssets/VFS/A63D7E6A/C421737C45D1820CC4B4B331A3760674.chk,file,Deflated,982136426,24382798,30054971,54195545493
Endfield_Data/StreamingAssets/VFS/A63D7E6A/CE234D92E7F0E1D411C2CC6C7A7EDA18.chk,file,Deflated,241587180,23923748,29194044,54219928400
Endfield_Data/StreamingAssets/VFS/A63D7E6A/D20A829A87EDB4FE4770B0CAF8C01681.chk,file,Deflated,2344651439,31633761,38447421,54243852257
Endfield_Data/StreamingAssets/VFS/A63D7E6A/D4479F29F419226227779B12FB73BBB4.chk,file,Deflated,3661380314,4915034,5829038,54275486127
Endfield_Data/StreamingAssets/VFS/A63D7E6A/D83E9D1B5DA1B4BAA0FBEDE8FFC54A9A.chk,file,Deflated,1623561059,4898020,5768265,54280401270
Endfield_Data/StreamingAssets/VFS/A63D7E6A/DA915DFC694AFEA74BF700DFC71E4FD1.chk,file,Deflated,1546567064,2642072,3140615,54285299399
Endfield_Data/StreamingAssets/VFS/A63D7E6A/DA9B6DD09A28CF284AF03D8BFE2635E7.chk,file,Deflated,1609129298,14214130,17019506,54287941580
Endfield_Data/StreamingAssets/VFS/A63D7E6A/DAA5C817AE88D4C5CF658BE500606E8F.chk,file,Deflated,2826673011,1721752,2131975,54302155819
Endfield_Data/StreamingAssets/VFS/A63D7E6A/F1AD4249A5DC867A8474C93E153C352C.chk,file,Deflated,2795229645,14508081,17399180,54303877680
Endfield_Data/StreamingAssets/VFS/A63D7E6A/F43431AD0EF6796E1C5EED5EFC57151D.chk,file,Deflated,2064702068,497497748,604563034,54318385870
Endfield_Data/StreamingAssets/VFS/A63D7E6A/FD66435D295C6741F7569DF2D577263A.chk,file,Deflated,1831187020,29849384,36085007,54815883727
Endfield_Data/StreamingAssets/VFS/C3442D43/,dir,Stored,0,0,0,54845733220
Endfield_Data/StreamingAssets/VFS/C3442D43/028C9B1EE623BA0B0DE56E5B60BAA915.chk,file,Deflated,3458138585,324144,489276,54845733293
Endfield_Data/StreamingAssets/VFS/C3442D43/0BD0E5FB3FEE1CB3FE5EF04F2167FEA1.chk,file,Deflated,278128718,1386674,1814033,54846057546
Endfield_Data/StreamingAssets/VFS/C3442D43/0DDC448F4BBBC3181CFA8039E460F8D4.chk,file,Deflated,1647160932,116111704,133070894,54847444329
Endfield_Data/StreamingAssets/VFS/C3442D43/0FA479FCD18228CDCC54B9CE5188C35B.chk,file,Deflated,1990587787,651346,926843,54963556142
Endfield_Data/StreamingAssets/VFS/C3442D43/13FFC20719D2F753168D63683FBBB0D5.chk,file,Deflated,4225483406,27053,35323,54964207597
Endfield_Data/StreamingAssets/VFS/C3442D43/14246F7DC70392AB6597615B7A0FF950.chk,file,Deflated,2591472470,7968903,10389330,54964234759
Endfield_Data/StreamingAssets/VFS/C3442D43/183890D3E51CF3E4EE360C60FCE98399.chk,file,Deflated,4085833731,409263,552847,54972203771
Endfield_Data/StreamingAssets/VFS/C3442D43/1946286559BAE5749C5F3D2FDB759F5D.chk,file,Deflated,415522574,1468818,1894916,54972613143
Endfield_Data/StreamingAssets/VFS/C3442D43/22720AFB63A4624B113E822A830BE19B.chk,file,Deflated,3778095082,701477,993886,54974082070
Endfield_Data/StreamingAssets/VFS/C3442D43/265A79A35341F1D9D0B434A7D7817DC5.chk,file,Deflated,4092855247,3879809,4938591,54974783656
Endfield_Data/StreamingAssets/VFS/C3442D43/3B597AD9A01DE7BEB084966AB9BC3E30.chk,file,Deflated,3260272068,706886,910857,54978663574
Endfield_Data/StreamingAssets/VFS/C3442D43/3E71DBD00245DBADE1DD748AAB998F9E.chk,file,Deflated,943245606,473376,645133,54979370569
Endfield_Data/StreamingAssets/VFS/C3442D43/3F3290395F084C2AAEF4D9A9285A720F.chk,file,Deflated,684406764,788232,1027610,54979844054
Endfield_Data/StreamingAssets/VFS/C3442D43/45CC2DD10A8EEEEFC0EE694D7D4B6764.chk,file,Deflated,1752531423,412897,578915,54980632395
Endfield_Data/StreamingAssets/VFS/C3442D43/46CC08F5FDA46E9BABA26CF706FA7AF6.chk,file,Deflated,370536355,712460,881832,54981045401
Endfield_Data/StreamingAssets/VFS/C3442D43/477E77113DC1104110887AFFD3491AA0.chk,file,Deflated,1868986977,29742974,38326441,54981757970
Endfield_Data/StreamingAssets/VFS/C3442D43/48983EF14883CF98D503E2B34121C6AD.chk,file,Deflated,1226867815,164067,268247,55011501053
Endfield_Data/StreamingAssets/VFS/C3442D43/4DA470A495215F24E69214EE572F67F5.chk,file,Deflated,2641001159,243460637,280044262,55011665229
Endfield_Data/StreamingAssets/VFS/C3442D43/506523C5332257D50FA8AF7584C95F18.chk,file,Deflated,1452235235,1688038,2314866,55255125975
Endfield_Data/StreamingAssets/VFS/C3442D43/509DE74BED878FE06240D69833FF0E63.chk,file,Deflated,2995939339,2101825,2731275,55256814122
Endfield_Data/StreamingAssets/VFS/C3442D43/50D3809C42306E1EB349E4532D96054B.chk,file,Deflated,2095250352,1190678,1502757,55258916056
Endfield_Data/StreamingAssets/VFS/C3442D43/51A80DBD33B0A58F6C73D78B132114D7.chk,file,Deflated,126001947,593,1838,55260106843
Endfield_Data/StreamingAssets/VFS/C3442D43/5D71D0851CB3BBA29D0138A867D6464F.chk,file,Deflated,784356948,3353789,9454599,55260107545
Endfield_Data/StreamingAssets/VFS/C3442D43/5EE909E54092583E639EAE3A32B6985D.chk,file,Deflated,1904878369,1047939,1394382,55263461443
Endfield_Data/StreamingAssets/VFS/C3442D43/5F41066F54B0BD621269C20955E27515.chk,file,Deflated,115809865,60842,93196,55264509491
Endfield_Data/StreamingAssets/VFS/C3442D43/61D3CAAB16A1620E6A6F130A49C1188D.chk,file,Deflated,1894143441,3191807,4033356,55264570442
Endfield_Data/StreamingAssets/VFS/C3442D43/6611AC6499E6F5B3EC64EE55D4F3A765.chk,file,Deflated,2889534512,4462622,6016691,55267762358
Endfield_Data/StreamingAssets/VFS/C3442D43/6658E45353DE489811316ABAF90DD779.chk,file,Deflated,1491060373,4091250,5301201,55272225089
Endfield_Data/StreamingAssets/VFS/C3442D43/67C694F0D106F26B781C28442433226F.chk,file,Deflated,1066262639,6165056,8663504,55276316448
Endfield_Data/StreamingAssets/VFS/C3442D43/685E31DA4057E2FDD6E241D814CD8924.chk,file,Deflated,1690987451,294837,389439,55282481613
Endfield_Data/StreamingAssets/VFS/C3442D43/6BA427F1A374F036141A4638700A1EAB.chk,file,Deflated,932796084,521591,735490,55282776559
Endfield_Data/StreamingAssets/VFS/C3442D43/717C3E6372B83BAE79A31E267F6C8838.chk,file,Deflated,3722194981,1814667,2338078,55283298259
Endfield_Data/StreamingAssets/VFS/C3442D43/75C3331A286AA0EE85643E96A0192E48.chk,file,Deflated,2713473631,917354,1428097,55285113035
Endfield_Data/StreamingAssets/VFS/C3442D43/77CF7492977747FFC5A07CBB60BBF34E.chk,file,Deflated,2173144293,84071,174987,55286030498
Endfield_Data/StreamingAssets/VFS/C3442D43/7AC224A134E200A21EFD843C93B331BC.chk,file,Deflated,786753487,6218,18513,55286114678
Endfield_Data/StreamingAssets/VFS/C3442D43/7C2BD79CC8CEFCAE142B334C1BEAB92C.chk,file,Deflated,3496564292,3099634,3593671,55286121005
Endfield_Data/StreamingAssets/VFS/C3442D43/7DE6168CBA0FFEA2E0C5D08053793B46.chk,file,Deflated,883551811,4603122,6179911,55289220748
Endfield_Data/StreamingAssets/VFS/C3442D43/83D34D1B038494744BCDA11BDB94D8F9.chk,file,Deflated,3529817092,2450162,3071466,55293823979
Endfield_Data/StreamingAssets/VFS/C3442D43/8D37A46D3DBA5345DB751C5650F07E3B.chk,file,Deflated,4216273721,1124221,1390063,55296274250
Endfield_Data/StreamingAssets/VFS/C3442D43/8F3B7BC251857C5F3AABC48B45B71F53.chk,file,Deflated,1169405588,1759692,2191125,55297398580
Endfield_Data/StreamingAssets/VFS/C3442D43/93F61D2F5424864ADDC3DBE8BFB835CF.chk,file,Deflated,3301430723,125475,240349,55299158381
Endfield_Data/StreamingAssets/VFS/C3442D43/9573C55BB99DB38833B75A4485823840.chk,file,Deflated,3608382965,1175356,1712396,55299283965
Endfield_Data/StreamingAssets/VFS/C3442D43/97EC8BE2CF05799D2C4FE741FC20073C.chk,file,Deflated,3870319471,1022560,1384617,55300459430
Endfield_Data/StreamingAssets/VFS/C3442D43/98CA2749BA57FF62F41D09B1972596E0.chk,file,Deflated,1215747630,3489069,4515273,55301482099
Endfield_Data/StreamingAssets/VFS/C3442D43/9FE995DB7D87EF038B535EC28944BB9B.chk,file,Deflated,2030940838,684080,942603,55304971277
Endfield_Data/StreamingAssets/VFS/C3442D43/AE9BB32CFDAF37370289A42E51871A49.chk,file,Deflated,280055817,573853,712233,55305655466
Endfield_Data/StreamingAssets/VFS/C3442D43/AECEA81C483BD0C7F16D15BD250C5736.chk,file,Deflated,350649668,1768245,2495735,55306229428
Endfield_Data/StreamingAssets/VFS/C3442D43/B17D012C47F5F04E0E5B32000276112D.chk,file,Deflated,451410973,23076026,30045541,55307997782
Endfield_Data/StreamingAssets/VFS/C3442D43/B368C01CF137B48BF41BC08D7716F82B.chk,file,Deflated,1381770614,204233,315687,55331073917
Endfield_Data/StreamingAssets/VFS/C3442D43/B5957EE0D7D6621F0CDA21DEBB08C362.chk,file,Deflated,3052361245,5787660,6841856,55331278259
Endfield_Data/StreamingAssets/VFS/C3442D43/B85BEC3E4B66DE7D0DC251FC5838817A.chk,file,Deflated,3728262749,1755868,2594925,55337066028
Endfield_Data/StreamingAssets/VFS/C3442D43/B8A4F7E662549C0AE47B0B6F88FBABCC.chk,file,Deflated,1483126897,43625708,50627567,55338822005
Endfield_Data/StreamingAssets/VFS/C3442D43/B8C70865D10E8786DF408E1725F136EE.chk,file,Deflated,2845724244,1780353,2679694,55382447822
Endfield_Data/StreamingAssets/VFS/C3442D43/BBCFB5D530192EF54FC22FB488EE0169.chk,file,Deflated,1877617778,482325,639098,55384228284
Endfield_Data/StreamingAssets/VFS/C3442D43/BE45A4B88119DDD6ED9020EF09F6C13C.chk,file,Deflated,1403706016,381873,694404,55384710718
Endfield_Data/StreamingAssets/VFS/C3442D43/C1B810231B76C8DC650D94F658913448.chk,file,Deflated,1668660673,1036408,6354019,55385092700
Endfield_Data/StreamingAssets/VFS/C3442D43/C3442D43.blc,file,Stored,336026402,7134099,7134099,55386129217
Endfield_Data/StreamingAssets/VFS/C3442D43/C4B00A047C22A467C9944BA591C95BDB.chk,file,Deflated,1837599957,794788,1005770,55393263401
Endfield_Data/StreamingAssets/VFS/C3442D43/C79DB759771FCF65DD69602D76D24338.chk,file,Deflated,3435497713,395026,513800,55394058298
Endfield_Data/StreamingAssets/VFS/C3442D43/C9593E91840B379A79F60FEC53109BFE.chk,file,Deflated,3258038413,202792,259516,55394453433
Endfield_Data/StreamingAssets/VFS/C3442D43/CCAB4979B7FA6AE39F1E94313338B80A.chk,file,Deflated,1376351766,669911,854843,55394656334
Endfield_Data/StreamingAssets/VFS/C3442D43/CE8A11280F37083D7AD53F616E8886DE.chk,file,Deflated,4108198643,266608,433335,55395326354
Endfield_Data/StreamingAssets/VFS/C3442D43/D052D153725BCC3E14A1D8B61FAB4C7D.chk,file,Deflated,931304149,27839503,36472581,55395593071
Endfield_Data/StreamingAssets/VFS/C3442D43/D113AC5CF4339FC07A08F133FA75AD0E.chk,file,Deflated,4142562505,5969979,7711899,55423432683
Endfield_Data/StreamingAssets/VFS/C3442D43/D1EF5CDDA4D5BAF8326646E022D55084.chk,file,Deflated,1981551628,805474,1085729,55429402771
Endfield_Data/StreamingAssets/VFS/C3442D43/D25108E27835EC18042066BAB0C699DA.chk,file,Deflated,2966769223,5743116,6843272,55430208354
Endfield_Data/StreamingAssets/VFS/C3442D43/D81EEE425FABD9C3D6555ACD11B9DCDE.chk,file,Deflated,3610786305,1186,3472,55435951579
Endfield_Data/StreamingAssets/VFS/C3442D43/DB85FB321C3BCCCD2BE425445AE1C98C.chk,file,Deflated,3087586254,6718106,9300830,55435952874
Endfield_Data/StreamingAssets/VFS/C3442D43/E87DA5D4B2755E175AFE5DAEC3635915.chk,file,Deflated,910485637,574819,758462,55442671089
Endfield_Data/StreamingAssets/VFS/C3442D43/F86B9AC6295375BFF1FBB7AB0A3C0DE6.chk,file,Deflated,780816318,459747,581757,55443246017
Endfield_Data/StreamingAssets/VFS/D6E622F7/,dir,Stored,0,0,0,55443705873
Endfield_Data/StreamingAssets/VFS/D6E622F7/75A9272DB66135641AB862B1E7DFF2C9.chk,file,Deflated,1450454520,30002846,176509890,55443705946
Endfield_Data/StreamingAssets/VFS/D6E622F7/D6E622F7.blc,file,Stored,2502848261,431,431,55473708901
Endfield_Data/StreamingAssets/VFS/DAFE52C9/,dir,Stored,0,0,0,55473709417
Endfield_Data/StreamingAssets/VFS/DAFE52C9/DAFE52C9.blc,file,Stored,212778289,73,73,55473709490
Endfield_Data/StreamingAssets/VFS/F151B649/,dir,Stored,0,0,0,55473709648
Endfield_Data/StreamingAssets/VFS/F151B649/F151B649.blc,file,Stored,3830438230,72,72,55473709721
Endfield_Data/StreamingAssets/VFS/F84BF5E6/,dir,Stored,0,0,0,55473709878
Endfield_Data/StreamingAssets/VFS/F84BF5E6/0E3E6BA8A095783CECCAA88F3BC5F3FB.chk,file,Deflated,3802052414,24069621,25883643,55473709951
Endfield_Data/StreamingAssets/VFS/F84BF5E6/11BD4D1D0F62120AE1DC0D072C375338.chk,file,Deflated,3723064662,210597772,231675383,55497779681
Endfield_Data/StreamingAssets/VFS/F84BF5E6/17987A9DA54E7199426EA66177FB80FC.chk,file,Deflated,3729082049,2407268,2439040,55708377562
Endfield_Data/StreamingAssets/VFS/F84BF5E6/1F9BF3192A6F1C638568807F80643A21.chk,file,Deflated,3031778675,12863258,13247799,55710784939
Endfield_Data/StreamingAssets/VFS/F84BF5E6/1FC2825BCD8C474E174639DC64A48678.chk,file,Deflated,3341638257,48806468,51691546,55723648306
Endfield_Data/StreamingAssets/VFS/F84BF5E6/20B8E173FA74D6A2D1C61A8A1917DF26.chk,file,Deflated,3106203328,28969340,31591363,55772454883
Endfield_Data/StreamingAssets/VFS/F84BF5E6/2A20734A9DF32BE7A082C2F289AE87F8.chk,file,Deflated,2640924517,358535932,373709308,55801424332
Endfield_Data/StreamingAssets/VFS/F84BF5E6/367EBB56AC89C999D4F6726C22219509.chk,file,Deflated,3318233501,114321044,123907184,56159960373
Endfield_Data/StreamingAssets/VFS/F84BF5E6/397E0DCA2D2CAD5E1008AFA06ED3ED7D.chk,file,Deflated,1860421761,5391561,5545231,56274281526
Endfield_Data/StreamingAssets/VFS/F84BF5E6/421C254FB0924B5C78CD74270A819159.chk,file,Deflated,752779651,2861262,3029333,56279673196
Endfield_Data/StreamingAssets/VFS/F84BF5E6/4BFA92A334B644878F991FACA955A69F.chk,file,Deflated,870600366,51052210,52433839,56282534567
Endfield_Data/StreamingAssets/VFS/F84BF5E6/4FF6A422EE07A67534A9F66540878684.chk,file,Deflated,981143394,15378976,15822462,56333586886
Endfield_Data/StreamingAssets/VFS/F84BF5E6/8E27832096F45EFB2A2222B6FA86A394.chk,file,Deflated,4040994638,42312775,43511114,56348965971
Endfield_Data/StreamingAssets/VFS/F84BF5E6/901EC4E71E092CA3D7908042CCBFC494.chk,file,Deflated,1969022049,2675964,2752115,56391278855
Endfield_Data/StreamingAssets/VFS/F84BF5E6/911BDFB5F35071DF63F0E5553B216A9A.chk,file,Deflated,2120761056,22317977,23511712,56393954928
Endfield_Data/StreamingAssets/VFS/F84BF5E6/AEE348E99593EF9CA484F03D957DD452.chk,file,Deflated,3824495509,26990940,27834465,56416273014
Endfield_Data/StreamingAssets/VFS/F84BF5E6/B15013551118A24777EB641709660B13.chk,file,Deflated,1690807559,18038380,18718546,56443264063
Endfield_Data/StreamingAssets/VFS/F84BF5E6/B61EC5368D1D355EC983CAAE3432AE83.chk,file,Deflated,4156576791,19241616,19880598,56461302552
Endfield_Data/StreamingAssets/VFS/F84BF5E6/BC5E7642A511B4C8C9045527F024CB7B.chk,file,Deflated,1127894891,30413385,31476724,56480544277
Endfield_Data/StreamingAssets/VFS/F84BF5E6/E9DD263F5358AFB7B0A7982E3EDED705.chk,file,Deflated,2942486183,9537984,9899254,56510957771
Endfield_Data/StreamingAssets/VFS/F84BF5E6/EEEE5B9AEDCCA38B8696523691669DAA.chk,file,Deflated,3994035345,28623885,29625265,56520495864
Endfield_Data/StreamingAssets/VFS/F84BF5E6/F57B2D24C28292880C64C12BBE88F3D5.chk,file,Deflated,4091494620,11858457,12500327,56549119858
Endfield_Data/StreamingAssets/VFS/F84BF5E6/F82539AC2033EA68186EDB8540DEC89B.chk,file,Deflated,651316798,11853342,12269610,56560978424
Endfield_Data/StreamingAssets/VFS/F84BF5E6/F84BF5E6.blc,file,Stored,4003623008,5192496,5192496,56572831875
Endfield_Data/StreamingAssets/VFS/F84BF5E6/FD215182FD85C65E4A47A57D2EB52F82.chk,file,Deflated,2343121545,2698964,2770889,56578024456
Endfield_Data/StreamingAssets/VFS/F84BF5E6/FDE8CA257EDF097A2111051CBF904346.chk,file,Deflated,899562496,21492589,22145005,56580723529
Endfield_Data/StreamingAssets/index_initial.json,file,Deflated,3613076273,1737,2468,56602216227
Endfield_Data/StreamingAssets/index_main.json,file,Deflated,3273141559,120303,249796,56602218042
Endfield_Data/app.info,file,Stored,2979892778,19,19,56602338420
Endfield_Data/boot.config,file,Deflated,1002048665,161,252,56602338491
Endfield_Data/boot_hgjs.json,file,Deflated,1151048934,370,806,56602338707
Endfield_Data/globalgamemanagers,file,Deflated,1079089352,524410,1283752,56602339135
Endfield_Data/globalgamemanagers.assets,file,Deflated,3905836191,533443,2645320,56602863607
Endfield_Data/il2cpp_data/,dir,Stored,0,0,0,56603397119
Endfield_Data/il2cpp_data/Metadata/,dir,Stored,0,0,0,56603397175
Endfield_Data/il2cpp_data/Metadata/global-metadata.dat,file,Deflated,2484524561,14014983,57021288,56603397240
Endfield_Data/il2cpp_data/Resources/,dir,Stored,0,0,0,56617412307
Endfield_Data/il2cpp_data/Resources/System.Data.dll-resources.dat,file,Deflated,1713545251,7819,93718,56617412373
Endfield_Data/il2cpp_data/Resources/System.Drawing.dll-resources.dat,file,Deflated,694391537,9601,25453,56617420287
Endfield_Data/il2cpp_data/Resources/mscorlib.dll-resources.dat,file,Deflated,3564484692,121366,337563,56617429986
Endfield_Data/level0,file,Deflated,3753247040,1699,8696,56617551444
Endfield_Data/level1,file,Deflated,2403021955,341,4628,56617553193
Endfield_Data/resources.assets,file,Deflated,3067883904,7983270,17620468,56617553584
Endfield_Data/resources.assets.resS,file,Deflated,2194610734,23630763,100024464,56625536914
Endfield_Data/sharedassets0.assets,file,Deflated,3778814725,198637,2989960,56649167742
Endfield_Data/sharedassets1.assets,file,Deflated,3763403101,7892,16756,56649366443
GameAssembly.dll,file,Deflated,1227513698,83237350,256677352,56649374399
HGP.dll,file,Deflated,7441803,3608266,9756728,56732611795
NvLowLatencyVk.dll,file,Deflated,1908691008,27498,57840,56736220098
OneChannelLC.dll,file,Deflated,292466134,149567,349672,56736247644
PlatformProcess.dll,file,Deflated,2849859473,243900,648168,56736397257
PlatformProcess.exe,file,Deflated,724084414,112319,276456,56736641206
QCefView.dll,file,Deflated,2940790184,418707,1305576,56736753574
Qt5Core.dll,file,Deflated,3612602405,2715513,6132064,56737172323
Qt5Gamepad.dll,file,Deflated,83480073,40702,116712,56739887877
Qt5Gui.dll,file,Deflated,3156580766,2428389,6725472,56739928623
Qt5Network.dll,file,Deflated,1676654633,550392,1325920,56742357052
Qt5Pdf.dll,file,Deflated,2450411668,2423811,4624224,56742907488
Qt5Positioning.dll,file,Deflated,3499888772,135445,332128,56745331339
Qt5PrintSupport.dll,file,Deflated,2626745794,138983,332128,56745466832
Qt5Qml.dll,file,Deflated,739752802,1364632,3632992,56745605864
Qt5QmlModels.dll,file,Deflated,3350774139,190832,457568,56746970536
Qt5Quick.dll,file,Deflated,2112650238,1585072,4151136,56747161414
Qt5QuickWidgets.dll,file,Deflated,1304166059,37098,96096,56748746528
Qt5SerialPort.dll,file,Deflated,2963897540,37766,89952,56748783675
Qt5Svg.dll,file,Deflated,1260904570,137343,346976,56748821488
Qt5WebChannel.dll,file,Deflated,968336576,65671,149344,56748958871
Qt5WebEngineCore.dll,file,Deflated,4181377863,49208325,113951584,56749024589
Qt5WebEngineWidgets.dll,file,Deflated,4274108803,91677,259424,56798232964
Qt5Widgets.dll,file,Deflated,35643111,2399869,5414752,56798324694
Qt5WinExtras.dll,file,Deflated,970341539,73726,251232,56800724607
QtUIFrame.dll,file,Deflated,1529932557,82547,199656,56800798379
QtWebEngineProcess.exe,file,Deflated,208298110,300639,666976,56800880969
SDL2.dll,file,Deflated,3340174152,594172,1597416,56801181660
U8CoreUI.dll,file,Deflated,1853930125,1480635,2044904,56801775870
U8Data/,dir,Stored,0,0,0,56803256547
U8Data/config/,dir,Stored,0,0,0,56803256584
U8Data/config/config.bin,file,Stored,378887741,1536,1536,56803256628
U8Data/config/config.gryph,file,Stored,3975643724,256,256,56803258218
U8Data/config/u8ExtraConfig.bin,file,Stored,3700552152,336,336,56803258530
U8SDK.dll,file,Deflated,1373293596,249218,608232,56803258927
UnityCrashHandler64.exe,file,Deflated,1215521919,311278,931304,56803508184
UnityPlayer.dll,file,Deflated,1462227814,14597160,33069624,56803819515
WebviewConfig/,dir,Stored,0,0,0,56818416720
WebviewConfig/BulletinConfig.bin,file,Stored,47387325,1264,1264,56818416764
WebviewConfig/BulletinSign.gryph,file,Stored,3639824330,256,256,56818418090
WebviewConfig/CustomerServiceConfig.bin,file,Stored,3302235092,176,176,56818418408
WebviewConfig/CustomerServiceSign.gryph,file,Stored,465492696,256,256,56818418653
WebviewConfig/WebPortalConfig.bin,file,Stored,4021738744,5280,5280,56818418978
WebviewConfig/WebPortalSign.gryph,file,Stored,2493401378,256,256,56818424321
WebviewConfig/WebviewConfig.bin,file,Stored,3767156960,3584,3584,56818424640
WebviewConfig/WebviewSign.gryph,file,Stored,4210687663,256,256,56818428285
api-ms-win-core-console-l1-1-0.dll,file,Deflated,184997577,6299,12240,56818428602
api-ms-win-core-console-l1-2-0.dll,file,Deflated,1326918177,6317,12256,56818434965
api-ms-win-core-datetime-l1-1-0.dll,file,Deflated,3451471088,6099,11736,56818441346
api-ms-win-core-debug-l1-1-0.dll,file,Deflated,2715449867,6139,11728,56818447510
api-ms-win-core-errorhandling-l1-1-0.dll,file,Deflated,2803396292,6187,11728,56818453711
api-ms-win-core-file-l1-1-0.dll,file,Deflated,496189064,7227,15328,56818459968
api-ms-win-core-file-l1-2-0.dll,file,Deflated,1719105498,6156,11728,56818467256
api-ms-win-core-file-l2-1-0.dll,file,Deflated,3485065221,6263,11744,56818473473
api-ms-win-core-handle-l1-1-0.dll,file,Deflated,2096667178,6135,11736,56818479797
api-ms-win-core-heap-l1-1-0.dll,file,Deflated,2348777257,6308,12256,56818485995
api-ms-win-core-interlocked-l1-1-0.dll,file,Deflated,868584078,6183,11728,56818492364
api-ms-win-core-libraryloader-l1-1-0.dll,file,Deflated,2559616256,6490,12752,56818498615
api-ms-win-core-localization-l1-2-0.dll,file,Deflated,919811330,7025,14800,56818505175
api-ms-win-core-memory-l1-1-0.dll,file,Deflated,2458935826,6330,12240,56818512269
api-ms-win-core-namedpipe-l1-1-0.dll,file,Deflated,3618855087,6255,11728,56818518662
api-ms-win-core-processenvironment-l1-1-0.dll,file,Deflated,386525886,6407,12752,56818524983
api-ms-win-core-processthreads-l1-1-0.dll,file,Deflated,3598772218,6912,14288,56818531465
api-ms-win-core-processthreads-l1-1-1.dll,file,Deflated,4099858909,6356,12240,56818538448
api-ms-win-core-profile-l1-1-0.dll,file,Deflated,2648067230,6120,11728,56818544875
api-ms-win-core-rtlsupport-l1-1-0.dll,file,Deflated,2915947187,6343,12240,56818551059
api-ms-win-core-string-l1-1-0.dll,file,Deflated,2037251255,6202,11728,56818557469
api-ms-win-core-synch-l1-1-0.dll,file,Deflated,3692702837,6733,13776,56818563734
api-ms-win-core-synch-l1-2-0.dll,file,Deflated,1997308920,6394,12240,56818570529
api-ms-win-core-sysinfo-l1-1-0.dll,file,Deflated,3933965489,6433,12768,56818576985
api-ms-win-core-timezone-l1-1-0.dll,file,Deflated,3958276526,6321,12240,56818583482
api-ms-win-core-util-l1-1-0.dll,file,Deflated,3312750210,6139,11728,56818589868
api-ms-win-crt-conio-l1-1-0.dll,file,Deflated,2757533255,6475,12752,56818596068
api-ms-win-crt-convert-l1-1-0.dll,file,Deflated,679661893,7512,15824,56818602604
api-ms-win-crt-environment-l1-1-0.dll,file,Deflated,2886787218,6317,12240,56818610179
api-ms-win-crt-filesystem-l1-1-0.dll,file,Deflated,714861155,6920,13776,56818616563
api-ms-win-crt-heap-l1-1-0.dll,file,Deflated,2917621247,6467,12752,56818623549
api-ms-win-crt-locale-l1-1-0.dll,file,Deflated,3674788284,6423,12240,56818630076
api-ms-win-crt-math-l1-1-0.dll,file,Deflated,3123892031,9364,20944,56818636561
api-ms-win-crt-multibyte-l1-1-0.dll,file,Deflated,3522513232,8510,19920,56818645985
api-ms-win-crt-private-l1-1-0.dll,file,Deflated,528413417,20096,64464,56818654560
api-ms-win-crt-process-l1-1-0.dll,file,Deflated,3870427641,6517,12752,56818674719
api-ms-win-crt-runtime-l1-1-0.dll,file,Deflated,88197869,7705,16336,56818681299
api-ms-win-crt-stdio-l1-1-0.dll,file,Deflated,4223916704,8135,17872,56818689067
api-ms-win-crt-string-l1-1-0.dll,file,Deflated,1692195248,8249,18384,56818697263
api-ms-win-crt-time-l1-1-0.dll,file,Deflated,3545874061,7009,14288,56818705574
api-ms-win-crt-utility-l1-1-0.dll,file,Deflated,1054599219,6462,12240,56818712643
baselib.dll,file,Deflated,3153299335,125460,268776,56818719168
baselib.dll.lib,file,Deflated,2091806656,7041,71118,56818844669
concrt140.dll,file,Deflated,4160561201,138321,317864,56818851755
config.ini,file,Stored,2529061500,256,256,56818990119
d3dcompiler_47.dll,file,Deflated,1675000872,1869849,4524496,56818990415
game_files,file,Stored,2435376837,209952,209952,56820860312
hgdownloadsdk.dll,file,Deflated,2051902098,688025,1785320,56821070304
hgeventlogsdk.dll,file,Deflated,2467899879,431396,1121256,56821758376
hgmarqueesdk.dll,file,Deflated,2630152805,462915,1127400,56822189819
hgsdk.dll,file,Deflated,2069956793,1500220,2354664,56822652780
libEGL.dll,file,Deflated,1568935057,16036,39264,56824153039
libGLESv2.dll,file,Deflated,1887412367,1253461,3392352,56824169115
libcrypto-1_1-x64.dll,file,Deflated,2053106408,1302803,3481952,56825422619
libcurl.dll,file,Deflated,2667104120,275497,553824,56826725473
libssl-1_1-x64.dll,file,Deflated,1774270547,245334,713056,56827001011
marquee_config.bin,file,Stored,3620933118,528,528,56827246393
msvcp140.dll,file,Deflated,1190846760,177556,566704,56827246969
msvcp140_1.dll,file,Deflated,412619198,11780,23944,56827424567
msvcp140_2.dll,file,Deflated,3366474438,80061,186800,56827436391
msvcp140_atomic_wait.dll,file,Deflated,2582062348,22293,57264,56827516496
msvcp140_codecvt_ids.dll,file,Deflated,86708532,11579,21424,56827538843
nghttp2.dll,file,Deflated,1040613427,77838,179040,56827550476
nvngx_deepdvc.dll,file,Deflated,4223454842,1510385,3144304,56827628355
nvngx_dlss.dll,file,Deflated,2753469545,26614480,54779504,56829138787
nvngx_dlssd.dll,file,Deflated,2380192837,10683091,28596848,56855753311
nvngx_dlssg.dll,file,Deflated,2420747666,3694838,7518320,56866436447
plugins/,dir,Stored,0,0,0,56870131330
plugins/bearer/,dir,Stored,0,0,0,56870131368
plugins/bearer/qgenericbearer.dll,file,Deflated,2808111991,28457,67424,56870131413
plugins/gamepads/,dir,Stored,0,0,0,56870159933
plugins/gamepads/sdl2gamepad.dll,file,Deflated,3553829708,20870,49128,56870159980
plugins/iconengines/,dir,Stored,0,0,0,56870180912
plugins/iconengines/qsvgicon.dll,file,Deflated,1851253220,24424,56160,56870180962
plugins/imageformats/,dir,Stored,0,0,0,56870205448
plugins/imageformats/qgif.dll,file,Deflated,432371286,24313,53088,56870205499
plugins/imageformats/qicns.dll,file,Deflated,1349094256,26379,58720,56870229871
plugins/imageformats/qico.dll,file,Deflated,1822514674,23082,52576,56870256310
plugins/imageformats/qjpeg.dll,file,Deflated,2650806115,124547,469344,56870279451
plugins/imageformats/qpdf.dll,file,Deflated,1768051643,20456,46944,56870404058
plugins/imageformats/qsvg.dll,file,Deflated,2505646329,20329,46432,56870424573
plugins/imageformats/qtga.dll,file,Deflated,2198681723,19814,45920,56870444961
plugins/imageformats/qtiff.dll,file,Deflated,186509560,141617,413024,56870464834
plugins/imageformats/qwbmp.dll,file,Deflated,3181977109,19254,43872,56870606511
plugins/imageformats/qwebp.dll,file,Deflated,84378195,243143,525664,56870625825
plugins/platforms/,dir,Stored,0,0,0,56870869028
plugins/platforms/qwindows.dll,file,Deflated,3066667399,691395,1417568,56870869076
plugins/position/,dir,Stored,0,0,0,56871560531
plugins/position/qtposition_positionpoll.dll,file,Deflated,2672965381,27922,64352,56871560578
plugins/position/qtposition_serialnmea.dll,file,Deflated,3835018791,34585,82272,56871588574
plugins/position/qtposition_winrt.dll,file,Deflated,653655900,28134,71008,56871623231
plugins/printsupport/,dir,Stored,0,0,0,56871651432
plugins/printsupport/windowsprintersupport.dll,file,Deflated,2700044820,30305,69472,56871651483
plugins/styles/,dir,Stored,0,0,0,56871681864
plugins/styles/qwindowsvistastyle.dll,file,Deflated,2805450677,71255,158560,56871681909
resources/,dir,Stored,0,0,0,56871753231
resources/icudtl.dat,file,Deflated,1695520898,4382276,10527632,56871753271
resources/qtwebengine_devtools_resources.pak,file,Deflated,678155597,1974983,2204511,56876135597
resources/qtwebengine_resources.pak,file,Deflated,1864599476,2445509,2502554,56878110654
resources/qtwebengine_resources_100p.pak,file,Deflated,3540123809,188803,195621,56880556228
resources/qtwebengine_resources_200p.pak,file,Deflated,880783824,247195,256762,56880745101
sdk_data.dat,file,Stored,2737382012,64,64,56880992366
sdkdata/,dir,Stored,0,0,0,56880992472
sdkdata/sdk_hgsdk_config.bin,file,Stored,2660014501,384,384,56880992510
sdkdata/sdk_hgsdk_config.gryph,file,Stored,1002779941,256,256,56880992952
sdkresources/,dir,Stored,0,0,0,56880993268
sdkresources/font/,dir,Stored,0,0,0,56880993311
sdkresources/font/HarmonyOS_Sans_Bold.woff2,file,Stored,2621172239,43960,43960,56880993359
sdkresources/font/HarmonyOS_Sans_Medium.woff2,file,Stored,3470294521,43584,43584,56881037392
sdkresources/font/HarmonyOS_Sans_SC_Bold.woff2,file,Deflated,1263193647,4459333,4475560,56881081051
sdkresources/font/HarmonyOS_Sans_SC_Medium.woff2,file,Deflated,127815233,4422999,4440632,56885540460
sdkresources/font/HarmonyOS_Sans_TC_Bold.woff2,file,Deflated,121478599,2225054,2229272,56889963537
sdkresources/font/HarmonyOS_Sans_TC_Medium.woff2,file,Deflated,2943887374,2179032,2186312,56892188667
sdkresources/font/NotoSansJP_Bold.woff2,file,Stored,2116616248,2299404,2299404,56894367777
sdkresources/font/NotoSansJP_Medium.woff2,file,Stored,2482802933,2273720,2273720,56896667250
sdkresources/font/NotoSansKR_Bold.woff2,file,Stored,1102158722,2158444,2158444,56898941041
sdkresources/font/NotoSansKR_Medium.woff2,file,Stored,3607335928,2134844,2134844,56901099554
sdkresources/font/NotoSansThaiLooped_Bold.woff2,file,Stored,438100536,25688,25688,56903234469
sdkresources/font/NotoSansThaiLooped_Medium.woff2,file,Stored,2903623676,25496,25496,56903260234
sl.common.dll,file,Deflated,3333374333,288442,674432,56903285809
sl.deepdvc.dll,file,Deflated,3041294953,81450,190592,56903574294
sl.dlss.dll,file,Deflated,1897753353,102080,240256,56903655788
sl.dlss_d.dll,file,Deflated,1168545956,104359,254080,56903757909
sl.dlss_g.dll,file,Deflated,2251443895,192277,459392,56903862311
sl.interposer.dll,file,Deflated,4132607090,238764,581096,56904054631
sl.pcl.dll,file,Deflated,3237721326,74828,176256,56904293442
sl.reflex.dll,file,Deflated,2743721202,85089,198784,56904368310
spdlog.dll,file,Deflated,3931142499,189387,541024,56904453442
sqlite3.dll,file,Deflated,878936935,1251696,3114848,56904642869
translations/,dir,Stored,0,0,0,56905894606
translations/qt_ar.qm,file,Deflated,2796224530,46537,160017,56905894649
translations/qt_bg.qm,file,Deflated,2430648147,61518,235449,56905941237
translations/qt_ca.qm,file,Deflated,12261312,56040,210152,56906002806
translations/qt_cs.qm,file,Deflated,757339632,48721,174701,56906058897
translations/qt_da.qm,file,Deflated,837107553,66163,250666,56906107669
translations/qt_de.qm,file,Deflated,115096506,75091,297707,56906173883
translations/qt_en.qm,file,Stored,3961396560,33,33,56906249025
translations/qt_es.qm,file,Deflated,2435213263,58837,227466,56906249109
translations/qt_fa.qm,file,Deflated,651092155,50027,178019,56906307997
translations/qt_fi.qm,file,Deflated,2155710898,65172,245716,56906358075
translations/qt_fr.qm,file,Deflated,428281807,57695,227544,56906423298
translations/qt_gd.qm,file,Deflated,110304533,49021,189580,56906481044
translations/qt_he.qm,file,Deflated,1291022657,41367,138690,56906530116
translations/qt_hr.qm,file,Deflated,2489250101,55488,209771,56906571534
translations/qt_hu.qm,file,Deflated,309938233,58288,220966,56906627073
translations/qt_it.qm,file,Deflated,1609344841,43509,161133,56906685412
translations/qt_ja.qm,file,Deflated,2011605841,55175,176887,56906728972
translations/qt_ko.qm,file,Deflated,501846317,65675,207939,56906784198
translations/qt_lv.qm,file,Deflated,916502307,56001,207499,56906849924
translations/qt_nl.qm,file,Deflated,778354419,72062,276941,56906905976
translations/qt_nn.qm,file,Deflated,2011260608,54067,196424,56906978089
translations/qt_pl.qm,file,Deflated,2797689398,60453,229072,56907032207
translations/qt_pt_BR.qm,file,Deflated,2604266293,74259,290671,56907092711
translations/qt_ru.qm,file,Deflated,3279618272,73296,273167,56907167024
translations/qt_sk.qm,file,Deflated,3271088933,47312,174373,56907240371
translations/qt_tr.qm,file,Deflated,1081171385,71274,264101,56907287734
translations/qt_uk.qm,file,Deflated,1041560128,60715,224538,56907359059
translations/qt_zh_CN.qm,file,Deflated,3190603327,61681,183403,56907419825
translations/qt_zh_TW.qm,file,Deflated,3068838268,43905,126185,56907481560
translations/qtwebengine_locales/,dir,Stored,0,0,0,56907525519
translations/qtwebengine_locales/am.pak,file,Deflated,2523801512,107259,431023,56907525582
translations/qtwebengine_locales/ar.pak,file,Deflated,3536675651,106853,451942,56907632910
translations/qtwebengine_locales/bg.pak,file,Deflated,2347904603,108297,486948,56907739832
translations/qtwebengine_locales/bn.pak,file,Deflated,415942487,114552,639333,56907848198
translations/qtwebengine_locales/ca.pak,file,Deflated,3018865218,93632,301716,56907962819
translations/qtwebengine_locales/cs.pak,file,Deflated,934062977,100422,310372,56908056520
translations/qtwebengine_locales/da.pak,file,Deflated,3887586857,90310,278046,56908157011
translations/qtwebengine_locales/de.pak,file,Deflated,3342081910,95539,300018,56908247390
translations/qtwebengine_locales/el.pak,file,Deflated,1716608842,117473,535129,56908342998
translations/qtwebengine_locales/en-GB.pak,file,Deflated,2849589273,84192,245338,56908460540
translations/qtwebengine_locales/en-US.pak,file,Deflated,2234094983,84444,248523,56908544804
translations/qtwebengine_locales/es-419.pak,file,Deflated,3375325173,93564,296382,56908629320
translations/qtwebengine_locales/es.pak,file,Deflated,2577733794,92884,300732,56908722957
translations/qtwebengine_locales/et.pak,file,Deflated,1497594674,91324,268045,56908815910
translations/qtwebengine_locales/fa.pak,file,Deflated,3414508915,102310,432426,56908907303
translations/qtwebengine_locales/fi.pak,file,Deflated,1858837915,92047,276006,56909009682
translations/qtwebengine_locales/fil.pak,file,Deflated,3779751193,93309,308580,56909101798
translations/qtwebengine_locales/fr.pak,file,Deflated,1426294410,97530,326226,56909195177
translations/qtwebengine_locales/gu.pak,file,Deflated,2929267003,112779,610954,56909292776
translations/qtwebengine_locales/he.pak,file,Deflated,2380193481,98715,377757,56909405624
translations/qtwebengine_locales/hi.pak,file,Deflated,665713513,115392,633204,56909504408
translations/qtwebengine_locales/hr.pak,file,Deflated,904275190,96170,297075,56909619869
translations/qtwebengine_locales/hu.pak,file,Deflated,305930208,100610,319846,56909716108
translations/qtwebengine_locales/id.pak,file,Deflated,844169466,85231,266021,56909816787
translations/qtwebengine_locales/it.pak,file,Deflated,1078415501,91638,291895,56909902087
translations/qtwebengine_locales/ja.pak,file,Deflated,3794410185,94094,360388,56909993794
translations/qtwebengine_locales/kn.pak,file,Deflated,604587899,116882,709641,56910087957
translations/qtwebengine_locales/ko.pak,file,Deflated,3444170547,88553,303732,56910204908
translations/qtwebengine_locales/lt.pak,file,Deflated,1935855084,98452,320833,56910293530
translations/qtwebengine_locales/lv.pak,file,Deflated,3857746702,98481,317466,56910392051
translations/qtwebengine_locales/ml.pak,file,Deflated,1461109419,121470,745895,56910490601
translations/qtwebengine_locales/mr.pak,file,Deflated,1746013273,110745,598394,56910612140
translations/qtwebengine_locales/ms.pak,file,Deflated,117028206,86097,276309,56910722954
translations/qtwebengine_locales/nb.pak,file,Deflated,2542563867,88935,270830,56910809120
translations/qtwebengine_locales/nl.pak,file,Deflated,1771207392,91250,282004,56910898124
translations/qtwebengine_locales/pl.pak,file,Deflated,2317967601,99518,309072,56910989443
translations/qtwebengine_locales/pt-BR.pak,file,Deflated,787596209,92604,292786,56911089030
translations/qtwebengine_locales/pt-PT.pak,file,Deflated,1232963675,92185,295831,56911181706
translations/qtwebengine_locales/ro.pak,file,Deflated,1677429352,95162,304171,56911273963
translations/qtwebengine_locales/ru.pak,file,Deflated,239737747,111391,489334,56911369194
translations/qtwebengine_locales/sk.pak,file,Deflated,682537221,102338,315503,56911480654
translations/qtwebengine_locales/sl.pak,file,Deflated,494308271,95926,301595,56911583061
translations/qtwebengine_locales/sr.pak,file,Deflated,4123880481,107177,462847,56911679056
translations/qtwebengine_locales/sv.pak,file,Deflated,523655111,89192,273261,56911786302
translations/qtwebengine_locales/sw.pak,file,Deflated,1863772239,90239,280315,56911875563
translations/qtwebengine_locales/ta.pak,file,Deflated,2600907343,114827,719881,56911965871
translations/qtwebengine_locales/te.pak,file,Deflated,2488103998,116734,673905,56912080767
translations/qtwebengine_locales/th.pak,file,Deflated,1493449627,101216,570096,56912197570
translations/qtwebengine_locales/tr.pak,file,Deflated,4005568271,92303,289683,56912298855
translations/qtwebengine_locales/uk.pak,file,Deflated,218688903,110532,489556,56912391227
translations/qtwebengine_locales/vi.pak,file,Deflated,2002977055,92612,340963,56912501828
translations/qtwebengine_locales/zh-CN.pak,file,Deflated,1988709690,87573,251817,56912594509
translations/qtwebengine_locales/zh-TW.pak,file,Deflated,1290357860,86421,251252,56912682154
u8_channel.dll,file,Deflated,4111185477,146348,354792,56912768647
ucrtbase.dll,file,Deflated,1545777926,469313,1035728,56912915039
vccorlib140.dll,file,Deflated,3426898679,103726,335792,56913384394
vcruntime140.dll,file,Deflated,3871626859,51269,98224,56913488165
vcruntime140_1.dll,file,Deflated,3773220188,19445,37256,56913539480
webviewsdk.dll,file,Deflated,1976372209,1151798,2488808,56913558973
zlib.dll,file,Deflated,330044851,52142,104800,56914710815
